recommendationid,steamid,num_games_owned,num_reviews,playtime_forever,playtime_last_two_weeks,playtime_at_review,last_played,language,review,timestamp_created,timestamp_updated,voted_up,votes_up,votes_funny,weighted_vote_score,comment_count,steam_purchase,received_for_free,written_during_early_access
153031534,76561198448292231,0,19,3249,0,3245,2024-03-23,koreana,"친구  명과 플레이      상어 잡겠다고 바다에 뛰어드는 놈     공략 챙겨보고 어떻게든 하려는 놈      진로가 건축가인 놈",2023-12-07,2023-12-07,True,128,112,0.916585385799407959,0,False,False,False
154625486,76561198080775128,0,30,231,0,173,2023-12-28,koreana,"같이할친구 있어요 없어요없었어요 아니 없어요있었는데  아니 없어요 그냥 ",2023-12-28,2023-12-28,True,49,28,0.79830479621887207,1,True,False,False
159045279,76561199012545793,0,4,456,0,221,2024-04-13,koreana,"이정준씨발럼아사줬잖아왜같이안하는데이정준씨발럼아사줬잖아왜같이안하는데이정준씨발럼아사줬잖아왜같이안하는데이정준씨발럼아사줬잖아왜같이안하는데이정준씨발럼아사줬잖아왜같이안하는데이정준씨발럼아사줬잖아왜같이안하는데이정준씨발럼아사줬잖아왜같이안하는데이정준씨발럼아사줬잖아왜같이안하는데이정준씨발럼아사줬잖아왜같이안하는데이정준씨발럼아사줬잖아왜같이안하는데이정준씨발럼아사줬잖아왜같이안하는데이정준씨발럼아사줬잖아왜같이안하는데이정준씨발럼아사줬잖아왜같이안하는데이정준씨발럼아사줬잖아왜같이안하는데이정준씨발럼아사줬잖아왜같이안하는데이정준씨발럼아사줬잖아왜같이안하는데이정준씨발럼아사줬잖아왜같이안하는데이정준씨발럼아사줬잖아왜같이안하는데이정준씨발럼아사줬잖아왜같이안하는데이정준씨발럼아사줬잖아왜같이안하는데이정준씨발럼아사줬잖아왜같이안하는데이정준씨발럼아사줬잖아왜같이안하는데이정준씨발럼아사줬잖아왜같이안하는데이정준씨발럼아사줬잖아왜같이안하는데이정준씨발럼아사줬잖아왜같이안하는데이정준씨발럼아사줬잖아왜같이안하는데이정준씨발럼아사줬잖아왜같이안하는데이정준씨발럼아사줬잖아왜같이안하는데이정준씨발럼아사줬잖아왜같이안하는데이정준씨발럼아사줬잖아왜같이안하는데이정준씨발럼아사줬잖아왜같이안하는데이정준씨발럼아사줬잖아왜같이안하는데이정준씨발럼아사줬잖아왜같이안하는데이정준씨발럼아사줬잖아왜같이안하는데이정준씨발럼아사줬잖아왜같이안하는데이정준씨발럼아사줬잖아왜같이안하는데이정준씨발럼아사줬잖아왜같이안하는데이정준씨발럼아사줬잖아왜같이안하는데이정준씨발럼아사줬잖아왜같이안하는데이정준씨발럼아사줬잖아왜같이안하는데이정준씨발럼아사줬잖아왜같이안하는데이정준씨발럼아사줬잖아왜같이안하는데이정준씨발럼아사줬잖아왜같이안하는데이정준씨발럼아사줬잖아왜같이안하는데이정준씨발럼아사줬잖아왜같이안하는데이정준씨발럼아사줬잖아왜같이안하는데이정준씨발럼아사줬잖아왜같이안하는데이정준씨발럼아사줬잖아왜같이안하는데이정준씨발럼아사줬잖아왜같이안하는데이정준씨발럼아사줬잖아왜같이안하는데이정준씨발럼아사줬잖아왜같이안하는데이정준씨발럼아사줬잖아왜같이안하는데이정준씨발럼아사줬잖아왜같이안하는데이정준씨발럼아사줬잖아왜같이안하는데이정준씨발럼아사줬잖아왜같이안하는데이정준씨발럼아사줬잖아왜같이안하는데이정준씨발럼아사줬잖아왜같이안하는데이정준씨발럼아사줬잖아왜같이안하는데이정준씨발럼아사줬잖아왜같이안하는데이정준씨발럼아사줬잖아왜같이안하는데이정준씨발럼아사줬잖아왜같이안하는데이정준씨발럼아사줬잖아왜같이안하는데이정준씨발럼아사줬잖아왜같이안하는데이정준씨발럼아사줬잖아왜같이안하는데이정준씨발럼아사줬잖아왜같이안하는데이정준씨발럼아사줬잖아왜같이안하는데이정준씨발럼아사줬잖아왜같이안하는데이정준씨발럼아사줬잖아왜같이안하는데이정준씨발럼아사줬잖아왜같이안하는데이정준씨발럼아사줬잖아왜같이안하는데이정준씨발럼아사줬잖아왜같이안하는데이정준씨발럼아사줬잖아왜같이안하는데이정준씨발럼아사줬잖아왜같이안하는데이정준씨발럼아사줬잖아왜같이안하는데이정준씨발럼아사줬잖아왜같이안하는데이정준씨발럼아사줬잖아왜같이안하는데이정준씨발럼아사줬잖아왜같이안하는데이정준씨발럼아사줬잖아왜같이안하는데이정준씨발럼아사줬잖아왜같이안하는데이정준씨발럼아사줬잖아왜같이안하는데이정준씨발럼아사줬잖아왜같이안하는데이정준씨발럼아사줬잖아왜같이안하는데이정준씨발럼아사줬잖아왜같이안하는데이정준씨발럼아사줬잖아왜같이안하는데이정준씨발럼아사줬잖아왜같이안하는데이정준씨발럼아사줬잖아왜같이안하는데이정준씨발럼아사줬잖아왜같이안하는데이정준씨발럼아사줬잖아왜같이안하는데이정준씨발럼아사줬잖아왜같이안하는데이정준씨발럼아사줬잖아왜같이안하는데이정준씨발럼아사줬잖아왜같이안하는데이정준씨발럼아사줬잖아왜같이안하는데이정준씨발럼아사줬잖아왜같이안하는데이정준씨발럼아사줬잖아왜같이안하는데이정준씨발럼아사줬잖아왜같이안하는데이정준씨발럼아사줬잖아왜같이안하는데이정준씨발럼아사줬잖아왜같이안하는데이정준씨발럼아사줬잖아왜같이안하는데이정준씨발럼아사줬잖아왜같이안하는데이정준씨발럼아사줬잖아왜같이안하는데이정준씨발럼아사줬잖아왜같이안하는데이정준씨발럼아사줬잖아왜같이안하는데이정준씨발럼아사줬잖아왜같이안하는데이정준씨발럼아사줬잖아왜같이안하는데이정준씨발럼아사줬잖아왜같이안하는데이정준씨발럼아사줬잖아왜같이안하는데이정준씨발럼아사줬잖아왜같이안하는데이정준씨발럼아사줬잖아왜같이안하는데이정준씨발럼아사줬잖아왜같이안하는데이정준씨발럼아사줬잖아왜같이안하는데이정준씨발럼아사줬잖아왜같이안하는데이정준씨발럼아사줬잖아왜같이안하는데이정준씨발럼아사줬잖아왜같이안하는데이정준씨발럼아사줬잖아왜같이안하는데이정준씨발럼아사줬잖아왜같이안하는데이정준씨발럼아사줬잖아왜같이안하는데이정준씨발럼아사줬잖아왜같이안하는데이정준씨발럼아사줬잖아왜같이안하는데이정준씨발럼아사줬잖아왜같이안하는데이정준씨발럼아사줬잖아왜같이안하는데이정준씨발럼아사줬잖아왜같이안하는데이정준씨발럼아사줬잖아왜같이안하는데이정준씨발럼아사줬잖아왜같이안하는데이정준씨발럼아사줬잖아왜같이안하는데이정준씨발럼아사줬잖아왜같이안하는데이정준씨발럼아사줬잖아왜같이안하는데이정준씨발럼아사줬잖아왜같이안하는데이정준씨발럼아사줬잖아왜같이안하는데이정준씨발럼아사줬잖아왜같이안하는데이정준씨발럼아사줬잖아왜같이안하는데이정준씨발럼아사줬잖아왜같이안하는데이정준씨발럼아사줬잖아왜같이안하는데이정준씨발럼아사줬잖아왜같이안하는데이정준씨발럼아사줬잖아왜같이안하는데이정준씨발럼아사줬잖아왜같이안하는데이정준씨발럼아사줬잖아왜같이안하는데이정준씨발럼아사줬잖아왜같이안하는데이정준씨발럼아사줬잖아왜같이안하는데이정준씨발럼아사줬잖아왜같이안하는데이정준씨발럼아사줬잖아왜같이안하는데이정준씨발럼아사줬잖아왜같이안하는데이정준씨발럼아사줬잖아왜같이안하는데이정준씨발럼아사줬잖아왜같이안하는데이정준씨발럼아사줬잖아왜같이안하는데이정준씨발럼아사줬잖아왜같이안하는데이정준씨발럼아사줬잖아왜같이안하는데이정준씨발럼아사줬잖아왜같이안하는데이정준씨발럼아사줬잖아왜같이안하는데이정준씨발럼아사줬잖아왜같이안하는데이정준씨발럼아사줬잖아왜같이안하는데이정준씨발럼아사줬잖아왜같이안하는데이정준씨발럼아사줬잖아왜같이안하는데이정준씨발럼아사줬잖아왜같이안하는데이정준씨발럼아사줬잖아왜같이안하는데이정준씨발럼아사줬잖아왜같이안하는데이정준씨발럼아사줬잖아왜같이안하는데이정준씨발럼아사줬잖아왜같이안하는데이정준씨발럼아사줬잖아왜같이안하는데이정준씨발럼아사줬잖아왜같이안하는데이정준씨발럼아사줬잖아왜같이안하는데이정준씨발럼아사줬잖아왜같이안하는데이정준씨발럼아사줬잖아왜같이안하는데이정준씨발럼아사줬잖아왜같이안하는데이정준씨발럼아사줬잖아왜같이안하는데이정준씨발럼아사줬잖아왜같이안하는데이정준씨발럼아사줬잖아왜같이안하는데이정준씨발럼아사줬잖아왜같이안하는데이정준씨발럼아사줬잖아왜같이안하는데이정준씨발럼아사줬잖아왜같이안하는데이정준씨발럼아사줬잖아왜같이안하는데이정준씨발럼아사줬잖아왜같이안하는데이정준씨발럼아사줬잖아왜같이안하는데이정준씨발럼아사줬잖아왜같이안하는데이정준씨발럼아사줬잖아왜같이안하는데이정준씨발럼아사줬잖아왜같이안하는데이정준씨발럼아사줬잖아왜같이안하는데이정준씨발럼아사줬잖아왜같이안하는데이정준씨발럼아사줬잖아왜같이안하는데이정준씨발럼아사줬잖아왜같이안하는데이정준씨발럼아사줬잖아왜같이안하는데이정준씨발럼아사줬잖아왜같이안하는데이정준씨발럼아사줬잖아왜같이안하는데이정준씨발럼아사줬잖아왜같이안하는데이정준씨발럼아사줬잖아왜같이안하는데이정준씨발럼아사줬잖아왜같이안하는데이정준씨발럼아사줬잖아왜같이안하는데이정준씨발럼아사줬잖아왜같이안하는데이정준씨발럼아사줬잖아왜같이안하는데이정준씨발럼아사줬잖아왜같이안하는데이정준씨발럼아사줬잖아왜같이안하는데이정준씨발럼아사줬잖아왜같이안하는데이정준씨발럼아사줬잖아왜같이안하는데이정준씨발럼아사줬잖아왜같이안하는데이정준씨발럼아사줬잖아왜같이안하는데이정준씨발럼아사줬잖아왜같이안하는데이정준씨발럼아사줬잖아왜같이안하는데이정준씨발럼아사줬잖아왜같이안하는데이정준씨발럼아사줬잖아왜같이안하는데이정준씨발럼아사줬잖아왜같이안하는데이정준씨발럼아사줬잖아왜같이안하는데이정준씨발럼아사줬잖아왜같이안하는데이정준씨발럼아사줬잖아왜같이안하는데이정준씨발럼아사줬잖아왜같이안하는데이정준씨발럼아사줬잖아왜같이안하는데이정준씨발럼아사줬잖아왜같이안하는데이정준씨발럼아사줬잖아왜같이안하는데이정준씨발럼아사줬잖아왜같이안하는데이정준씨발럼아사줬잖아왜같이안하는데이정준씨발럼아사줬잖아왜같이안하는데이정준씨발럼아사줬잖아왜같이안하는데이정준씨발럼아사줬잖아왜같이안하는데이정준씨발럼아사줬잖아왜같이안하는데이정준씨발럼아사줬잖아왜같이안하는데이정준씨발럼아사줬잖아왜같이안하는데이정준씨발럼아사줬잖아왜같이안하는데이정준씨발럼아사줬잖아왜같이안하는데이정준씨발럼아사줬잖아왜같이안하는데이정준씨발럼아사줬잖아왜같이안하는데이정준씨발럼아사줬잖아왜같이안하는데이정준씨발럼아사줬잖아왜같이안하는데이정준씨발럼아사줬잖아왜같이안하는데이정준씨발럼아사줬잖아왜같이안하는데이정준씨발럼아사줬잖아왜같이안하는데이정준씨발럼아사줬잖아왜같이안하는데이정준씨발럼아사줬잖아왜같이안하는데이정준씨발럼아사줬잖아왜같이안하는데이정준씨발럼아사줬잖아왜같이안하는데이정준씨발럼아사줬잖아왜같이안하는데이정준씨발럼아사줬잖아왜같이안하는데이정준씨발럼아사줬잖아왜같이안하는데이정준씨발럼아사줬잖아왜같이안하는데이정준씨발럼아사줬잖아왜같이안하는데이정준씨발럼아사줬잖아왜같이안하는데이정준씨발럼아사줬잖아왜같이안하는데이정준씨발럼아사줬잖아왜같이안하는데이정준씨발럼아사줬잖아왜같이안하는데이정준씨발럼아사줬잖아왜같이안하는데이정준씨발럼아사줬잖아왜같이안하는데이정준씨발럼아사줬잖아왜같이안하는데이정준씨발럼아사줬잖아왜같이안하는데이정준씨발럼아사줬잖아왜같이안하는데이정준씨발럼아사줬잖아왜같이안하는데이정준씨발럼아사줬잖아왜같이안하는데이정준씨발럼아사줬잖아왜같이안하는데이정준씨발럼아사줬잖아왜같이안하는데이정준씨발럼아사줬잖아왜같이안하는데이정준씨발럼아사줬잖아왜같이안하는데이정준씨발럼아사줬잖아왜같이안하는데이정준씨발럼아사줬잖아왜같이안하는데이정준씨발럼아사줬잖아왜같이안하는데이정준씨발럼아사줬잖아왜같이안하는데이정준씨발럼아사줬잖아왜같이안하는데이정준씨발럼아사줬잖아왜같이안하는데이정준씨발럼아사줬잖아왜같이안하는데이정준씨발럼아사줬잖아왜같이안하는데이정준씨발럼아사줬잖아왜같이안하는데이정준씨발럼아사줬잖아왜같이안하는데이정준씨발럼아사줬잖아왜같이안하는데이정준씨발럼아사줬잖아왜같이안하는데이정준씨발럼아사줬잖아왜같이안하는데이정준씨발럼아사줬잖아왜같이안하는데이정준씨발럼아사줬잖아왜같이안하는데이정준씨발럼아사줬잖아왜같이안하는데이정준씨발럼아사줬잖아왜같이안하는데이정준씨발럼아사줬잖아왜같이안하는데이정준씨발럼아사줬잖아왜같이안하는데이정준씨발럼아사줬잖아왜같이안하는데이정준씨발럼아사줬잖아왜같이안하는데이정준씨발럼아사줬잖아왜같이안하는데이정준씨발럼아사줬잖아왜같이안하는데이정준씨발럼아사줬잖아왜같이안하는데이정준씨발럼아사줬잖아왜같이안하는데이정준씨발럼아사줬잖아왜같이안하는데이정준씨발럼아사줬잖아왜같이안하는데이정준씨발럼아사줬잖아왜같이안하는데이정준씨발럼아사줬잖아왜같이안하는데이정준씨발럼아사줬잖아왜같이안하는데이정준씨발럼아사줬잖아왜같이안하는데이정준씨발럼아사줬잖아왜같이안하는데이정준씨발럼아사줬잖아왜같이안하는데이정준씨발럼아사줬잖아왜같이안하는데이정준씨발럼아사줬잖아왜같이안하는데이정준씨발럼아사줬잖아왜같이안하는데이정준씨발럼아사줬잖아왜같이안하는데이정준씨발럼아사줬잖아왜같이안하는데이정준씨발럼아사줬잖아왜같이안하는데이정준씨발럼아사줬잖아왜같이안하는데이정준씨발럼아사줬잖아왜같이안하는데이정준씨발럼아사줬잖아왜같이안하는데이정준씨발럼아사줬잖아왜같이안하는데이정준씨발럼아사줬잖아왜같이안하는데이정준씨발럼아사줬잖아왜같이안하는데이정준씨발럼아사줬잖아왜같이안하는데이정준씨발럼아사줬잖아왜같이안하는데이정준씨발럼아사줬잖아왜같이안하는데이정준씨발럼아사줬잖아왜같이안하는데이정준씨발럼아사줬잖아왜같이안하는데이정준씨발럼아사줬잖아왜같이안하는데이정준씨발럼아사줬잖아왜같이안하는데이정준씨발럼아사줬잖아왜같이안하는데이정준씨발럼아사줬잖아왜같이안하는데이정준씨발럼아사줬잖아왜같이안하는데이정준씨발럼아사줬잖아왜같이안하는데이정준씨발럼아사줬잖아왜같이안하는데이정준씨발럼아사줬잖아왜같이안하는데이정준씨발럼아사줬잖아왜같이안하는데이정준씨발럼아사줬잖아왜같이안하는데이정준씨발럼아사줬잖아왜같이안하는데이정준씨발럼아사줬잖아왜같이안하는데이정준씨발럼아사줬잖아왜같이안하는데이정준씨발럼아사줬잖아왜같이안하는데이정준씨발럼아사줬잖아왜같이안하는데이정준씨발럼아사줬잖아왜같이안하는데이정준씨발럼아사줬잖아왜같이안하는데이정준씨발럼아사줬잖아왜같이안하는데이정준씨발럼아사줬잖아왜같이안하는데이정준씨발럼아사줬잖아왜같이안하는데이정준씨발럼아사줬잖아왜같이안하는데이정준씨발럼아사줬잖아왜같이안하는데이정준씨발럼아사줬잖아왜같이안하는데이정준씨발럼아사줬잖아왜같이안하는데이정준씨발럼아사줬잖아왜같이안하는데",2024-02-23,2024-02-23,True,55,101,0.796691060066223145,0,True,False,False
141763554,76561199240844439,192,10,121479,0,103910,2024-04-10,koreana,"컨텐츠가 부족하다   몇 시간 안했는데 질리네",2023-07-10,2023-07-10,True,70,64,0.788485884666442871,4,True,False,False
147966432,76561198114089639,0,7,1817,0,1450,2023-10-16,koreana,"님들 세상 돌아가는 꼴 보니깐 한  년 뒤면 이 게임 처럼 될 거 같은데 미리 게임 사서 항해 스킬 좀 쌓아두세요          진지한 평가               장점  보이는 게 거의 바다 뿐이라 심심해질 수 있는 게임에 상어라는 요소를 넣어서 적당히 긴장감 넘치도록 유지시켜줌  조작 난이도가 너무 어렵지 않고 적당해서 난이도에 따라 재밌는 플레이를 할 수 있음  스토리를 즐기다 지나치는 뉴스기사들을 보면 래프트의 세계관이 생각보다 가까운 연도라는 걸 알 수 있어서 실제로 이런 상황이 온다면 어떻게 될까 라는 생각이 들고 몰입감이 느껴짐 단점  생각보다 많이 죽을 일이 없는 편이고 상어도 카이팅만 할 줄 알면 그냥 쉽게 잡을 수 있어서 나중가면 위협적이지 않음  뭔가 후반에도 긴장감을 유지시킬만한 요소가 더 있었으면 좋았을것 같음 ",2023-10-10,2023-10-10,True,37,49,0.76575005054473877,0,True,False,False
158071271,76561198967191238,0,8,372,0,372,2024-01-21,koreana,"상어가 친절하고 친구들이 사나워요",2024-02-11,2024-02-11,True,29,41,0.764133155345916748,0,False,True,False
149925152,76561199218573215,7,2,164,0,147,2023-11-16,koreana,"같이할사람",2023-11-11,2023-11-11,True,29,7,0.744046449661254883,3,True,False,False
157649510,76561198056486963,104,12,8100,0,8086,2024-03-19,koreana,"혼자 하면 항상 외롭고 같이 하면 항상 굶주린다씨 팔 내 구운 병어 쳐 먹은 새끼 나오라고",2024-02-05,2024-02-05,True,22,39,0.725845634937286377,1,False,False,False
156396960,76561198370740586,0,39,2017,0,2017,2023-10-07,koreana,"이 게임좀 하니깐 상어랑 곰 만나도 이길수 있을꺼 같음",2024-01-21,2024-01-21,True,16,18,0.701385617256164551,0,False,False,False
138683877,76561198382759475,95,32,3733,0,3727,2023-07-14,koreana,"끝없이 펼쳐지는 바다를 표류하며 그 위에 집을 짓고 다니는 환상적인 게임스토리와 엔딩은 좆까세요 ",2023-05-21,2023-05-21,True,14,8,0.692717015743255615,0,True,False,False
148903276,76561198040790253,0,13,2412,0,2400,2024-01-31,koreana,"혼자하면 재미없어   ",2023-10-26,2023-10-26,True,15,0,0.685230016708374023,0,True,False,False
144264333,76561198443611348,0,7,3988,0,3711,2023-12-07,koreana," 죽일놈에 상어놈 죽일놈에 상어놈 죽일놈에 상어놈 죽일놈에 상어놈 죽일놈에 상어놈 죽일놈에 상어놈 죽일놈에 상어놈 죽일놈에 상어놈 죽일놈에 상어놈 죽일놈에 상어놈 죽일놈에 상어놈 죽일놈에 상어놈 죽일놈에 상어놈 죽일놈에 상어놈 죽일놈에 상어놈 죽일놈에 상어놈 죽일놈에 상어놈 죽일놈에 상어놈 죽일놈에 상어놈 죽일놈에 상어놈 죽일놈에 상어놈 죽일놈에 상어놈 죽일놈에 상어놈 죽일놈에 상어놈 죽일놈에 상어놈 죽일놈에 상어놈 죽일놈에 상어놈 죽일놈에 상어놈 죽일놈에 상어놈 죽일놈에 상어놈 죽일놈에 상어놈 죽일놈에 상어놈 죽일놈에 상어놈 죽일놈에 상어놈 죽일놈에 상어놈 죽일놈에 상어놈 죽일놈에 상어놈 죽일놈에 상어놈 죽일놈에 상어놈 죽일놈에 상어놈 죽일놈에 상어놈 죽일놈에 상어놈 죽일놈에 상어놈 죽일놈에 상어놈 죽일놈에 상어놈 죽일놈에 상어놈 죽일놈에 상어놈 죽일놈에 상어놈 죽일놈에 상어놈 죽일놈에 상어놈 죽일놈에 상어놈 죽일놈에 상어놈 죽일놈에 상어놈 죽일놈에 상어놈 죽일놈에 상어놈 죽일놈에 상어놈 죽일놈에 상어놈 죽일놈에 상어놈 죽일놈에 상어놈 죽일놈에 상어놈 죽일놈에 상어놈 죽일놈에 상어놈 죽일놈에 상어놈 죽일놈에 상어놈 죽일놈에 상어놈 죽일놈에 상어놈 죽일놈에 상어놈 죽일놈에 상어놈 죽일놈에 상어놈 죽일놈에 상어놈 죽일놈에 상어놈 죽일놈에 상어놈 죽일놈에 상어놈 죽일놈에 상어놈 죽일놈에 상어놈 죽일놈에 상어놈 죽일놈에 상어놈 죽일놈에 상어놈 죽일놈에 상어놈 죽일놈에 상어놈 죽일놈에 상어놈 죽일놈에 상어놈 죽일놈에 상어놈 죽일놈에 상어놈 죽일놈에 상어놈 죽일놈에 상어놈 죽일놈에 상어놈 죽일놈에 상어놈 죽일놈에 상어놈 죽일놈에 상어놈 죽일놈에 상어놈 죽일놈에 상어놈 죽일놈에 상어놈 죽일놈에 상어놈 죽일놈에 상어놈 죽일놈에 상어놈 죽일놈에 상어놈 죽일놈에 상어놈 죽일놈에 상어놈 죽일놈에 상어놈 죽일놈에 상어놈 죽일놈에 상어놈 죽일놈에 상어놈 죽일놈에 상어놈 죽일놈에 상어놈 죽일놈에 상어놈 죽일놈에 상어놈 죽일놈에 상어놈 죽일놈에 상어놈 죽일놈에 상어놈 죽일놈에 상어놈 죽일놈에 상어놈 죽일놈에 상어놈 죽일놈에 상어놈 죽일놈에 상어놈 죽일놈에 상어놈 죽일놈에 상어놈 죽일놈에 상어놈 죽일놈에 상어놈 죽일놈에 상어놈 죽일놈에 상어놈 죽일놈에 상어놈 죽일놈에 상어놈 죽일놈에 상어놈 죽일놈에 상어놈 죽일놈에 상어놈 죽일놈에 상어놈 죽일놈에 상어놈 죽일놈에 상어놈 죽일놈에 상어놈 죽일놈에 상어놈 죽일놈에 상어놈 죽일놈에 상어놈 죽일놈에 상어놈 죽일놈에 상어놈 죽일놈에 상어놈 죽일놈에 상어놈 죽일놈에 상어놈 죽일놈에 상어놈 죽일놈에 상어놈 죽일놈에 상어놈 죽일놈에 상어놈 죽일놈에 상어놈 죽일놈에 상어놈 죽일놈에 상어놈 죽일놈에 상어놈 죽일놈에 상어놈 죽일놈에 상어놈 죽일놈에 상어놈 죽일놈에 상어놈 죽일놈에 상어놈 죽일놈에 상어놈 죽일놈에 상어놈 죽일놈에 상어놈 죽일놈에 상어놈 죽일놈에 상어놈 죽일놈에 상어놈 죽일놈에 상어놈 죽일놈에 상어놈 죽일놈에 상어놈 죽일놈에 상어놈 죽일놈에 상어놈 죽일놈에 상어놈 죽일놈에 상어놈 죽일놈에 상어놈 죽일놈에 상어놈 죽일놈에 상어놈 죽일놈에 상어놈 죽일놈에 상어놈 죽일놈에 상어놈 죽일놈에 상어놈 죽일놈에 상어놈 죽일놈에 상어놈 죽일놈에 상어놈 죽일놈에 상어놈 죽일놈에 상어놈 죽일놈에 상어놈 죽일놈에 상어놈 죽일놈에 상어놈 죽일놈에 상어놈 죽일놈에 상어놈 죽일놈에 상어놈 죽일놈에 상어놈 죽일놈에 상어놈 죽일놈에 상어놈 죽일놈에 상어놈 죽일놈에 상어놈 죽일놈에 상어놈 죽일놈에 상어놈 죽일놈에 상어놈 죽일놈에 상어놈 죽일놈에 상어놈 죽일놈에 상어놈 죽일놈에 상어놈 죽일놈에 상어놈 죽일놈에 상어놈 죽일놈에 상어놈 죽일놈에 상어놈 죽일놈에 상어놈 죽일놈에 상어놈 죽일놈에 상어놈 죽일놈에 상어놈 죽일놈에 상어놈 죽일놈에 상어놈 죽일놈에 상어놈 죽일놈에 상어놈 죽일놈에 상어놈 죽일놈에 상어놈 죽일놈에 상어놈 죽일놈에 상어놈 죽일놈에 상어놈 죽일놈에 상어놈 죽일놈에 상어놈 죽일놈에 상어놈 죽일놈에 상어놈 죽일놈에 상어놈 죽일놈에 상어놈 죽일놈에 상어놈 죽일놈에 상어놈 죽일놈에 상어놈 죽일놈에 상어놈 죽일놈에 상어놈 죽일놈에 상어놈 죽일놈에 상어놈 죽일놈에 상어놈 죽일놈에 상어놈 죽일놈에 상어놈 죽일놈에 상어놈 죽일놈에 상어놈 죽일놈에 상어놈 죽일놈에 상어놈 죽일놈에 상어놈 죽일놈에 상어놈 죽일놈에 상어놈 죽일놈에 상어놈 죽일놈에 상어놈 죽일놈에 상어놈 죽일놈에 상어놈 죽일놈에 상어놈 죽일놈에 상어놈 죽일놈에 상어놈 죽일놈에 상어놈 죽일놈에 상어놈 죽일놈에 상어놈 죽일놈에 상어놈 죽일놈에 상어놈 죽일놈에 상어놈 죽일놈에 상어놈 죽일놈에 상어놈 죽일놈에 상어놈 죽일놈에 상어놈 죽일놈에 상어놈 죽일놈에 상어놈 죽일놈에 상어놈 죽일놈에 상어놈 죽일놈에 상어놈",2023-08-15,2023-08-15,True,19,27,0.671899974346160889,0,True,False,False
153993619,76561199105463757,0,10,1640,0,1450,2023-12-21,koreana,"상어 내가 잡고 올게   크아악    박찬휘   김종환    김명서     구조   구조      구조오 오오오오오              ",2023-12-20,2023-12-20,True,23,25,0.663414359092712402,0,False,True,False
146648511,76561198068176059,0,6,16605,0,14432,2023-10-08,koreana,"친구들과 함께 모험도 할 수 있고 배를 꾸밀 수 있어 좋아요 근데 스토리 다 진행하면 할 게 없어욬      로 유저가 탐험 섬을 만들어서 창작마당에 공유할 수 있으면 좋을 것 같아요 그럼 반복되는 섬이 아니라 재밌는 기믹이 있는 섬을 탐험하는 맛이나서 재밌을 거예요 또한 배를 꾸밀 수 있게 가구나 장식구들을 더 많이 주시고 나무만이 아니라철로도 벽이나 바닥을 만들 수 있게 했으면 좋겠어요 즉  꾸미기용으로 아이템들을 추가랑 무기 같은 것도 추가 했으면 좋겠어요 ",2023-09-20,2023-09-20,True,12,0,0.653753042221069336,0,True,False,False
157258237,76561198284465039,0,9,196,0,196,2024-01-01,koreana,"다이어트 할 때 좋아요밥 먹기 전에 이 게임을 하게 된다면다이어트 성공 어렵지 않아요",2024-01-31,2024-01-31,True,9,1,0.628685057163238525,0,True,False,False
141124273,76561198824068176,0,53,4410,0,3644,2024-03-31,koreana,"시발 내가 판자 구해오라 했지저멀리 혼자 떠밀려간상태로 기절하진 마랬잖아",2023-07-02,2023-12-14,True,12,9,0.624456882476806641,0,False,False,False
154713944,76561198286133771,0,11,391,0,391,2020-11-30,koreana," 어이 김씨 오늘 뭘 건졌어  뭐  쓰레기 그런걸 어디다 쓰냐고    바닷가에서 표류하는 조씨는 김씨에게 꾸중을 할려는 듯이 인상을 쓰며 말을 툭 건넸다그러자 김씨가 경상도 억양으로 흥분한 억양으로 팍팍 말하기 시작했다  이걸로 마  집도 짓고  도구도 만들고  만능이다 아이가 싱글벙글   대 조씨와   대 아재 김씨의 싱글벙글 쓰레기 수집하는 겜",2023-12-29,2023-12-29,True,10,9,0.618497133255004883,0,True,False,False
158721263,76561198336905476,102,17,22520,0,18474,2024-04-15,koreana,"일단 게임 구매 후 긴 시간동안 재미있게 즐겼고 게임 자체는 수수하게 우수함컨셉도 신박하지만 장르 최초는 아닌 걸로 알고있음             이라는 게임이  년정도 빨랐는데 출시가  달 늦었고 현실지향적이어서 게임이 어려운 편인데다 불친절한 편이라 캐주얼한     가 인기를 차지한게 아닌가 싶음그런데     도 출시만  달 빨랐지 앞서 해보기 기간 엄청 길었음   년 정도일거임괘씸한 놈들게임 하면서 불편했던 점은    수면 근처에 떠 있는 적대 생명체 시체 루팅하는게 개 암덩이임  사체 루팅은  초정도 걸리는데 판정이 정확해서 모델링에서 조금이라도 초점이 벗어나면 진행도가 초기화됨   해안 수면 근처에 있는 아이템 채취할 때 수면이 얕으면 채취를 못 함잠수 판정이랑 일반 판정이랑 왔다갔다 하느라 버벅이고 계속 채취 진행도 초기화됨   줄 자 기능이 없음나 처럼 물건 배치를 반듯이 규칙적으로 배치하지 않으면 죽어버리는 정신병 있는 사람들에겐 큰 단점임그래서 임시로 칸막이 벽을 하나씩 세우거나 기둥 박아서 눈대중으로 줄을 맞추곤 했는데 완벽하진 않기 때문에 좀 많이 아쉬웠음   취향 차이일 수는 있는데 배고프고 목마른게 너무 주기가 짧다 보니까 쉽게 피로해짐물론 후반에 가면 나아지긴 하지만 그럼에도 눈에 띄는 단점임   일시정지 기능이 없어서 잠수를 못타는데  번 단점이랑 이어짐  배가 자주 고픔앞으로 이런 장르의 게임이 더 나올지 모르겠지만     가 흠잡을 곳이 없는 게임은 아니라서 얘보다 더 잘 다듬고 플레이 타임이 긴 게임이 나온다면 그 게임이     의 지금 인기를 뺏을 수 있을 것 같음",2024-02-19,2024-02-19,True,10,0,0.618365108966827393,0,True,False,False
138855843,76561198370092561,0,150,169,0,169,2022-08-12,koreana,"혼자할 사람은 그냥 유튜브로만 즐겨라",2023-05-24,2023-05-24,True,8,0,0.614582598209381104,0,False,False,False
150280518,76561198083668928,44,5,926,0,611,2024-03-11,koreana,"혼자도 재밌음                                                                                                                                                                                                                                                                                                                                                                                                                                                                                                                                                                                                                                                                                                                                                                                                                                                                                                                                                                                                                                                                                                                                                                                                                                                                                                                                                                                                                                                                                                       ",2023-11-17,2023-11-17,True,12,10,0.606019437313079834,0,True,False,False
151815946,76561198032607641,501,105,3629,0,3629,2022-07-13,koreana,"상어막으라고      ",2023-11-25,2023-11-25,True,7,6,0.59677422046661377,0,True,False,False
139763718,76561199011960015,96,6,10066,0,9566,2024-02-21,koreana,"계속 혼자서 하다가  명이서 해서 엔딩 봤는데 재미있다 그리고 누가 판자 다 쓰냐",2023-06-09,2023-06-09,True,6,5,0.59677422046661377,0,True,False,False
150015772,76561198405618913,34,10,3880,0,3372,2024-04-14,koreana,"너무너무너무너무 재밌음     몇일동안 몇시간동안 밤새서 깼음 한번하면 끄기 싫어짐    그리고 너무너무 예쁨  나중에는 판자핵 써가면서 만들었음   너무너무 재밌고 밥 만들어서 친구 챙겨주고 배 같이 만들고 동물 키우고 너무 재밌음  근데 친구없으면 재미없을듯  아무튼 난 엄청 재밌었음   최고   상어랑 새는 자꾸 배 뿌수고 식량 훔쳐먹는게 좆같아서 모드 끄고했음 ",2023-11-13,2023-11-13,True,9,3,0.591663956642150879,0,True,False,False
155443927,76561199029438627,54,4,2780,0,2780,2022-04-24,koreana,"함선을 만들고 난뒤 스토리의 존재를 알아버렸습니다",2024-01-07,2024-01-07,True,6,10,0.591216206550598145,0,True,False,False
139828999,76561198155730024,1049,216,1766,0,1766,2022-11-06,koreana,"어메 곰 잡는거 진짜      친구랑  인으로 미친듯이 했음  엔딩까지 당연히 달렸고  정말 시간 가는 줄 모르고 한동안 너무 재밌게 했던 게임  물론 엔딩 보고 나서는 손 안가더라     사실 탐험하는 재미도 있고 막 위협에서부터 극복하고 이런 여러 재미도 느낄 수 있겠지만 이 게임의 진짜 포인트는 내 뗏목이라 생각함  처음에는 노질    하고 바람에 몸을 맡겨서 가는 개똥배였는데 나중에는 엔진까지 써가며 방향 조절도 타륜으로 하고 이러는거 보고 있으면 진짜 기분 째짐    이게 진짜 포인트라고 생각함  정말   시간 넘게 미친듯이 달렸던 게임으로써 뭐   어차피 이것도 나름 인싸겜 아님 그리고  친구랑 해도 재밌고 혼자 해도 재밌을거 같음  그리고 그놈의 우유는 어디서 얻냐  남들 다 찾는 알파카  라마  그 쉑 왜 우리는 한번도 못봤냐  이게 운빨인지 시스템인지 모르겠는데 특정 동물이 안뜨는 시드  같은게 있나봄  진짜 이상할정도로 우린 아예 못봤음 저 동물  아무튼 협동  게임이라고 보긴 애매하지만 크래프팅 탐험  적당한 스토리 뭐 이런거 좋아하면 정말 개추뽕추함  갓겜 야정 ",2023-06-10,2023-06-10,True,8,2,0.58510887622833252,0,False,False,False
151793937,76561198988444546,0,2,1667,0,1612,2023-11-26,koreana,"친구들이랑 하면 불화 생김애들이 제작을 안하고 나만 제작함근데 그래도 재밌음",2023-11-25,2023-11-25,True,6,2,0.583333313465118408,0,True,False,False
140846109,76561199090158295,131,22,2092,0,1745,2023-07-02,koreana,"죠스의 탈을 쓴 쓰레기 줍기 게임",2023-06-28,2023-06-28,True,8,1,0.58227849006652832,0,True,False,False
149057192,76561198155185051,0,26,4150,0,4150,2023-03-12,koreana,"초중반 까지는 엄청 재밌었는데 엔딩이 아쉬운 게임    친구들과 같이해야하는 게임",2023-10-29,2023-10-29,True,5,0,0.579288065433502197,0,False,False,False
147461002,76561198183548059,0,17,2377,0,2377,2023-01-14,koreana,"우리는 상어를 피해야한다  창이 나오기 전까지 ",2023-10-02,2023-10-02,True,5,1,0.576923072338104248,0,True,False,False
156151368,76561198858348142,0,1,2531,45,2372,2024-04-21,koreana,"내 인생에 이런 힐링 겜은 없었다  사라  그냥 사라  결제해  근데 큰 섬에서 나오는 새놈이 좀 많이 주옥같긴하다 ",2024-01-17,2024-01-17,True,4,0,0.569378018379211426,0,True,False,False
162431786,76561199388164536,0,18,700,0,500,2024-04-09,koreana,"시간 때우기용",2024-04-08,2024-04-08,True,3,0,0.565217375755310059,0,False,False,False
154311207,76561198346307383,99,47,1122,0,1107,2024-02-06,koreana,"래프트보다는 라이트 ",2023-12-25,2023-12-25,True,17,27,0.565217375755310059,1,True,False,False
144252043,76561198907148700,0,12,861,0,854,2023-12-17,koreana,"우리 배가 점점 사라져 ",2023-08-15,2023-08-15,True,3,0,0.565217375755310059,0,True,False,False
141014168,76561198860078599,0,3,6078,0,4894,2023-12-03,koreana,"후회안하는데 멀티로하심 더좋음",2023-07-01,2023-07-01,True,4,0,0.565217375755310059,0,True,False,False
140680319,76561198286954919,0,55,4938,0,4938,2022-09-16,koreana," 상어는 맛있는 고기죠 멀티플레이로 즐기는 걸 추천합니다게임으로 구현된 바다를 무서워하는 편이여서 그 점은 조금 힘들었지만 친구들이랑 같이 플레이하기에는 너무 좋았어요초반엔 배도 작고 가진 것도 별로 없어서 힘들 수 있지만 금방 멋진 배를 가지게 될 거예요제가 까마귀처럼 모으는 걸 좋아해서 바다에서 쓰레기를 줍는 것도 좋았고 섬에서 재료 파밍 하는 것도 좋았어요자유롭게 배 꾸미는 것도 가능하고 스토리를 진행할지 파밍을 다닐지 플레이어가 마음대로 할 수 있어서 좋아요다만 엔딩을 보고 나서는 목표가 없어지니 잘 안 들어가게 되더라고요 그래도 그동안 알차게 즐겨서 만족합니다    ",2023-06-26,2023-06-26,True,5,0,0.565217375755310059,0,True,False,False
160104471,76561199060674553,14,2,3845,0,3791,2024-03-10,koreana,"친구가없어도 된다",2024-03-08,2024-03-08,True,8,1,0.558958649635314941,1,False,False,False
153292253,76561198098905961,0,1,4689,0,4689,2022-10-18,koreana,"스팀에서 했던 생존 탐험 건축 등이 복합된 유형의 게임들 중 제일 재밌음      엔딩 본 뒤로 비슷한 유형의 게임들 다 찾아봐도 할 게 없노   내년에 출시 예정인          만 기다려본다 ",2023-12-10,2023-12-10,True,3,1,0.551185786724090576,0,True,False,False
156463963,76561198315252923,0,8,4360,0,4360,2022-07-03,koreana,"아 나 상어 못잡네",2024-01-21,2024-01-21,True,4,5,0.545871555805206299,0,True,False,False
163783593,76561198119277942,0,6,3422,0,3422,2024-02-29,koreana," 오늘 할 수 있는 일을 내일로 미루지 마라   벤자민 프랭클린  ",2024-04-29,2024-04-29,True,2,1,0.545454561710357666,0,True,False,False
163101102,76561198377915433,0,26,44,0,44,2024-04-15,koreana,"섬에 내린다고배를 보내버렸더니섬에서 살아남기가됨",2024-04-18,2024-04-18,True,2,4,0.545454561710357666,0,True,False,False
162388996,76561198204269543,0,1,4679,0,3292,2024-04-18,koreana,"재미쪙",2024-04-07,2024-04-07,True,2,0,0.545454561710357666,0,True,False,False
152509370,76561198135466857,22,1,2890,0,2890,2023-11-25,koreana,"굳",2023-11-29,2023-11-29,True,2,0,0.545454561710357666,0,True,False,False
147453125,76561199375991678,0,2,1454,0,1000,2023-10-07,koreana,"친구들이랑하면 일주일 동안 못잡니다",2023-10-02,2023-10-02,True,2,0,0.545454561710357666,0,True,False,False
141361633,76561198066118288,70,36,14531,0,14527,2023-10-19,koreana,"느긋한거 좋아하는 친구들이랑 하면 재밌음  그래서 내 친구들은 다 도망감     ",2023-07-05,2023-07-06,True,3,0,0.545454561710357666,0,True,False,False
141011365,76561198370263670,20,1,2934,0,2538,2023-07-11,koreana,"친구들이랑 꼭 해야 하는 게임",2023-07-01,2023-07-01,True,3,0,0.545454561710357666,0,True,False,False
139419545,76561199019524080,86,49,386,4,267,2024-04-21,koreana,"나무 내놔 ",2023-06-02,2023-06-02,True,2,0,0.545454561710357666,0,False,True,False
162592308,76561199475309964,0,4,2573,1,2481,2024-04-27,koreana,"정말 좋은 슈퍼 울트라 콩순이 가쓰는 냉장고 처럼 정말 재밌는게임",2024-04-10,2024-04-10,True,2,0,0.54356849193572998,0,True,False,False
144908531,76561198388605373,261,81,2455,0,2415,2023-08-28,koreana,"친구가 필요한 게임 수작 ",2023-08-24,2023-08-24,True,2,0,0.541984736919403076,0,True,False,False
141568795,76561198846441259,0,22,496,0,105,2024-04-13,koreana,"같이 할 친구가 업서요  ",2023-07-08,2023-07-08,True,5,1,0.541078329086303711,0,True,False,False
143322621,76561199074019161,0,2,6322,10,2924,2024-05-02,koreana,"친구랑 같이 하면 정말 재밌는 게임친구가 없어서 솔로로 해도 재밌는 게임",2023-08-03,2023-08-03,True,4,0,0.539923965930938721,0,False,False,False
156522512,76561198082245000,0,8,4303,0,1407,2024-02-07,koreana,"로켓단 이놈들 이 재밌는걸 지들만 했어  ",2024-01-22,2024-01-22,True,883,480,0.971371173858642578,0,True,False,True
156664733,76561198048608680,0,55,19,0,18,2024-01-25,koreana,"컴이 고성능인데 프레임  이렇게 나오는 사람들 해결법임스팀 라이브러리에서 게임 우클릭속성 클릭 맨 아래의 시작 옵션 칸에       입력이게     로 실행하는건데 이렇게 하면 버그같은 저 프레임 현상 없어짐",2024-01-24,2024-01-24,True,647,15,0.968531429767608643,10,True,False,True
156747791,76561198085492379,0,3,4425,0,2526,2024-01-31,koreana,"아 씨발    취업 해야 하는데          아     ",2024-01-25,2024-01-25,True,852,478,0.968292236328125,17,True,False,True
156736687,76561198142226828,142,23,12035,115,2433,2024-04-25,koreana,"  명이  년동안 이거 만든거보면겜프릭새 들은 세워놓고 줄빠따 쳐야됨",2024-01-25,2024-01-25,True,855,216,0.967343509197235107,0,True,False,True
156381953,76561198050367894,0,5,2518,0,505,2024-02-09,koreana,"김치피자치즈탕후루족발탕수육이 맛있어선 안되는데    왜 맛있지   ",2024-01-20,2024-01-20,True,532,246,0.958416342735290527,0,True,False,True
156431204,76561198119877875,218,7,108,0,92,2024-01-27,koreana,"      포켓몬스터 브레스 오브 더 와일드",2024-01-21,2024-01-21,True,381,170,0.955540776252746582,9,True,False,True
156539824,76561198324709680,0,1,630,0,550,2024-01-23,koreana,"이 게임이 폭발적인 반응을 일으키는걸 보니 문득 포켓몬이라는 개사기   를 가지고도 게임을 그따구로밖에 못만드는 게임 프릭크가 새삼 대단하다고 느껴지네    ",2024-01-22,2024-01-22,True,881,199,0.953411519527435303,0,True,False,True
156442105,76561198139265389,517,150,1570,0,682,2024-01-27,koreana,"                                                                                                                                    이 게임은                       피카츄가                       높이 평가                                            ",2024-01-21,2024-01-21,True,646,321,0.952039182186126709,18,True,False,True
156449795,76561198171294559,0,33,2575,0,150,2024-02-05,koreana,"주말날렸으면 개추                  ",2024-01-21,2024-01-21,True,315,23,0.937933743000030518,0,True,False,True
156541460,76561198176725237,214,15,1660,0,611,2024-02-02,koreana,"포켓몬스터젤다의전설원신마인크래프트아크서바이벌엘든링포트나이트에이지오브엠파이어발해임    재밌네요",2024-01-22,2024-01-22,True,298,78,0.934309184551239014,6,True,False,True
156362046,76561198011930338,0,9,4525,0,303,2024-02-01,koreana,"멀티플레이 호스팅  호스팅 잡을 사람만 라이브러리   도구                             실행라이브버리   게임            실행   게임 시작   방 설정 멀티플레이이 후 설정에서 게임 코드 같이 할 인원에게 공유 후  공유 받은 사람은 인게임 멀티플레이 코드 공유로 입장",2024-01-20,2024-01-20,True,180,5,0.932361304759979248,6,True,False,True
156673054,76561198391281689,86,10,6019,0,1896,2024-02-24,koreana,"김치피자마라로제탕수육의 효과는 굉장했다 ",2024-01-24,2024-01-24,True,278,163,0.922116219997406006,1,True,False,True
157460756,76561198960678922,569,301,4307,0,2416,2024-02-18,koreana,"실패하면 표절이지만 성공하면 혁명이야",2024-02-03,2024-02-03,True,651,226,0.917662084102630615,22,True,False,True
157059425,76561198106078043,89,15,7138,0,6439,2024-02-01,koreana,"아침에 시작하면 아침에 잠",2024-01-29,2024-01-29,True,165,56,0.913824737071990967,4,True,False,True
158366612,76561198153833727,110,15,7127,0,6906,2024-03-01,koreana,"왜 거기 쳐 올라가있어 병신같은 물지렁이 불지렁이 새끼야",2024-02-15,2024-02-15,True,255,117,0.911018788814544678,1,True,False,True
156693865,76561198049238208,0,19,2773,0,1664,2024-02-02,koreana,"존나 잘비빈 비빔밥",2024-01-24,2024-01-24,True,164,43,0.90186619758605957,0,True,False,True
156284940,76561198012830693,0,107,5403,0,82,2024-02-02,koreana,"짧은 리뷰   제작사의 이전 행보가 걸리긴 하지만  포텐은 높아보이는 게임  팰월드는 크래프토피아 제작진의 신작인데 문제는 제작사가 크래프토피아의 완성도 제대로 하지 않고 새로운 신작을 만든다는 점에서 해외에서도 많은 우려를 받았음 상점 페이지만 봐도 알겠지만 포켓몬   젤다를 포함해서 아크와 같은 여러 생존 빌더 게임들을 근본없이 섞은 느낌때문에 작게나마 스캠 논란이 생겼을 정도 하지만 현재까지의 느낌은 해당 요소들이 재밌고 맛있게 섞인 느낌이 강하며짭켓몬  총켓몬이라는 별명이 있지만 포켓몬 보다는 사실 아크에 더 가까운 방향성의 게임에 가까움 포켓몬과 관련해서 지금까지 커뮤니티에서 장난으로 쓰인 포켓몬 잡아먹기나 노예로 부려먹기 같은 요소가 실제 게임 컨텐츠로 중요하게 구현되어 있고 밈으로 남을 총질 요소는 물론이고 거점 건설 요소와 보스 컨텐츠 등 보다 장기적으로 볼 컨텐츠들이 상당함 일부 모션같은 디테일적인 부분에서는 인디 게임 느낌이 나고 편의성도 좋다고 말하긴 그렇지만 게임 자체의 순수한 재미 자체가 이러한 부분을 덮을 정도로 매우 좋다고 할 수 있음 아크류 게임 답게 노가다 요소나 시간을 투자해야하는 요소가 있으나 바닐라 플레이를 하는 경우에도 앞서 언급했듯 특정 특화 동물들을 거점에  배치해서 노동시킬 수 있기에 노가다 요소는 게임 시스템 덕분에 어느정도 희석되는 편에 속함 국내 번역은 팔을 굳이 팰로 번역한 부분을 제외하면 꽤나 신경써서 번역한 편  다만  개발사가 크래프토피아를 거의 반 쯤 유기했던 전적이 있기에 장기적으로 지켜보는 것을 추천함 ",2024-01-19,2024-01-24,True,294,6,0.896570384502410889,15,True,False,True
156286244,76561198006149934,170,37,6998,0,88,2024-02-06,koreana,"짜장면에 탕수육에 마라탕에 짬뽕에다가 볶음밥 때려넣고 먹는데 이상하게 맛있는게임왜인지 모르겠음",2024-01-19,2024-01-19,True,166,73,0.888253390789031982,0,True,False,True
156744565,76561198156279891,0,16,2795,46,95,2024-04-27,koreana,"포켓몬 그거 팔월드 짭아님 ",2024-01-25,2024-01-25,True,481,290,0.88577580451965332,8,True,False,True
156647070,76561198797748290,0,59,3608,0,1008,2024-01-28,koreana,"입대 일주일 전 최고의 선택",2024-01-24,2024-01-24,True,116,34,0.883680999279022217,33,True,False,True
156343756,76561198114286389,0,225,1243,0,334,2024-01-30,koreana," 하루종일 플레이한거   분으로 요약한 영상                             기대된다 해왔지만 기대 이상이었던노예 양성 게임입니다 이 게임 속 팰들은 밥만 제공해주면 무한으로 일해주지만  업무량을너무 심하게 설정해두면 가끔 스트레스를 받아 빈사상태에 빠지기도합니다 그리고 팰 속성탭을 보시면 각 팰들마다 역할들이달랐는데  예를들어 몽키같은 경우씨앗을 심거나 나무를 캐는 역할은 가능했지만물 주는 역할을 못하기 때문에   원활한 농사를 위해서는 물속성 팰도 배치를 해주는게 좋았고 또 광석 제련을 할때는 불속성 팰이 작업해주지만제련된 광석을 옮기는건 또 수작업이 가능한 팰을이용해줘야하는 등 팰들을 균형있게 맞춰가며배치해주시는게 중요했습니다 추후 광석  벌목 이런것부터 시작해서웬만한 모든 작업들은 거의 공장 마냥자동화 시킬 수 있기 때문에 나중에는그냥 새로운 팰들이나 만나러모험을 떠나시면 됩니다 그리고 중간중간 보스몹들과 던전들도있기 때문에 그런곳들도 자주 방문해주면 좋았어요 만약 여러분 기지에 작업가능한 팰들을 더 많이늘리고 싶다하시면 팰상자 커맨드센터라보면됨 를 계속해서 업그레이드 해줘야하는데 사실 이 업그레이드를 따라 해나가시다보면 레벨링과 새로운 제조법도 배울 수 있기 때문에 솔직히 진행하는데 막히거나그런것도 없고 아주 좋았던 것 같네요 하여튼  만원짜리 게임치고 굉장히 훌륭했습니다 다만 중간중간 내가 데리고 다니는 용병팰들이공격안하는 버그  벽을향해 무한 러닝머신 뛰는 멍청한 밀렵꾼들의    등 뭔가 아직 다듬어져야할 부분들은 있었는데 이러한 부분들만정식출시때까지 잘다듬어 나간다면 개뒤지는게임 될 수 있을것으로 보이네요 그럼 다시 즐겜       혹시 몰라 초중급반 팁영상도                                                   ",2024-01-20,2024-01-22,True,398,30,0.882835149765014648,0,True,False,True
156306397,76561198028502408,538,36,1546,0,300,2024-01-24,koreana,"이런 재밌는 소재로 그동안 이런게임 못만든 게임프릭스는 좀 맞자",2024-01-20,2024-01-20,True,214,29,0.881653249263763428,1,True,False,True
162920024,76561198112290749,0,5,5306,105,4909,2024-04-20,koreana,"취업해야되는데 좆댔네 진자",2024-04-15,2024-04-15,True,73,19,0.878103971481323242,0,True,False,True
156520991,76561198995467114,0,1,21200,0,1625,2024-02-16,koreana,"이겜 하느라 어쩌다보니 금딸  일차됨",2024-01-22,2024-01-22,True,227,187,0.872435450553894043,0,True,False,True
156769711,76561198143496155,107,48,4773,0,3303,2024-02-15,koreana,"엄마 난 로켓단이 될래요",2024-01-25,2024-01-25,True,87,43,0.867370307445526123,0,True,False,True
157698114,76561198134149321,128,23,11870,0,8013,2024-04-19,koreana," 주    시간    하         미치겠네   ",2024-02-06,2024-02-07,True,128,33,0.86064833402633667,8,True,False,True
159544721,76561199235099270,0,7,1518,0,1294,2024-04-06,koreana,"돌캐지말고 수작업쳐하라고",2024-03-01,2024-03-01,True,77,24,0.856458306312561035,0,True,False,True
156589833,76561198208194076,0,7,5510,0,1751,2024-04-13,koreana,"아니 시발 퇴근시켜달라고 팰들이 기다리잖아",2024-01-23,2024-01-23,True,105,61,0.855691671371459961,0,True,False,True
157768225,76561198090567790,0,3,11651,0,9275,2024-03-04,koreana,"아   서버 계속 터지다가 사라졌다     시간 가량의 시간이 사라졌어요지금 온라인 하지마세요                                                                          나이먹어서 밤새도록 게임을 못하는 줄 알았어요나이문제가 아니에요 재밌는 게임이 없었던 거에요어렸을적 포켓몬  세대로 접했던 분들 어서 컴백하세요어렸을적  이랬으면 좋겠다  꿈꾸던 세계가 여기 있어요        그래픽 으로도 싱글은 상옵돌아가고 멀티도 잘 돌아가요사람만나면 약간의 프레임 드랍 있어요또한 대나무  수플 지역 갔을때도 드랍있어요메모리      이상 아니면 메모리 반환이 늦어서  시간마다 게임껏다 키셔야 되요  안그러면 렉걸려요싱글로   시간멀티로    시간멀티가 더 재미있어요  하드리셋 멀티는 핵쟁이들과 숨막히는 숨바꼭질 각오 하셔야 해요해외섭 고르는 법   일본섭 핑이좋음  사람   명넘으면 핵쟁이옴  사람적은데 추천 싱글로 설정 최고로 쉽게끔 하다가   시간만에 엔드 찍혀서디폴트 공식 해외섭으로 이사했어요  일본서버 아니면 핑 안좋아요 공식 일본서버로 서버 바꾸면 핑      까지도 나와요 아주 괜찮아요핵쟁이들  번 만났고 멀티는 핵쟁이를 피해서 생존하는 게임입니다                         회차 리셋자고 일어나니 내 건물이 무너졌어요내 목재랑 돌맹이를 핵쟁이가 다 가져갔어요저랑 눈 마주치니 핵쟁이가 절 죽였어요가지고 있던 것중에 구하기 어려운거를 훔쳐갔어요다시 핵쟁이가 오기전에 이사하려고 모든 재료를 한박스에 모아놨어요핵쟁이가 또 와서 그 중 필요한 재료를 훔쳐갔어요다행히 돌 천개는 안가져 갔어요아기돼지 둘째처럼 나무로 지었다가 집이 불타는건 피하고 싶었어요아기돼지 셋째가 되어 구석진 평지에 돌로 아담한 집을 만들었어요 회차 리셋다행히 강하지 않은 핵쟁이는 메인 거점만 돌아다니는 듯 했어요다른 사람이 핵쟁이에게 공격 당할때 구석에 숨어 열심히 생존했어요핵쟁이는 핵으로 사람을 죽일 수 있단걸  회차에 안 결과 사람을 피했어요열심히 금광을 캐고 집을 가려고 하는데 펠박스 웨이포인트가 없어졌어요 무서웠어요내 집이 어디갔을까  걱정을 하며 집있던 위치로 갔습니다 예예 펠상자에 있던 노동 펠들은 전부 다 삭제되고다행히 건물내에 아이템들은 잘 있었습니다 다시 복구했어요 번째 만남  여기서 제가 있는 서버 외국인 거의 다 접었어요  회차에 공격들어왔던 핵쟁이와 똑같은 패턴이였어요핵쟁이를 피하기 위한 핵쟁이 패턴이에요  완전 핵쟁이 피하는 생존 게임이에요 회차 핵쟁이 방문 전 핵쟁이 패턴   펠상자 및 고급건물 부술수 있는걸 부순다  상자제외    돌아다닌다   원하는 템만 파밍한다   사람이 보이면 죽인다       반복한다그런데 변수가 생겼어요제가 접속하고 있었는데 마치 심시티에서 건물 부수듯이 무너지더라구요   펠상자 및 고급건물 부술수 있는걸 부순다  상자제외 여기서 저는 다시 펠상자를 지었어요   다시 핵쟁이는  번을 반복했어요저는 다시 펠상자를 지었어요   핵쟁이는 펠상자의 최소설치 범위를 넓혔어요저는 다시 펠상자를 지을수가 없더라구요   귀중한 아이템을 캐릭터에 다 옮겼어요   핵쟁이가 텔레포트해서 기존에 있던 펠상자 위치에 정확히 이동해서 왔어요   죽일려고 하는 분위기라 아이디 확인해서 월드채팅에 치고 접속종료했어요        멀티하실떄 주의점 및 팁   끄기전에  귀중품은 캐릭터 인벤토리에 다 넣는다   핵쟁이와 눈 마주치면 죽여서 죽은템을 먹으므로 핵쟁이가 순간이동해서 몸이 보이는 순간 접속 종료한다    현재 관찰시 펠상자가 있을경우 아이템을 못 가져가는 것 같다  펠상자가 부셔질 경우 귀중템을 보따리 챙겨서 접속 종료 한다    채집률이 오리지날이므로    시간이 지났음에도 불구하고 아직도 나는 돌부족과 금광부족과 펠지움파편과 펠의체액 지나가다 보이면 곡괭이 들고 파밍을 하고 있다전설을 잡으려면 울트라스피어     개는 소비되니까   나는 아직도 돌이 부족하다     자주 고장난다 한마리를  로 잡아서 던지면 해결된다    멀티한 펠상자로 한번씩 이동해줘야 자동 작업한다 농땡이가 심하다      경사로가 높으면 펠들이 일 안한다좋아보여도 경사로가 크면 펠들이 일 안하니까 펠상자멀티는 평지를 추천합니다 그리고 최소 침대는 다 만들어줘야 되고 온천  먹이 이 세가지는 충족해줘야 멀티가 자동으로 돌아간다    펠들끼리 뜨거운 밤을 시켜주는게 엔드컨텐츠이다 본진에 이것저것 해 두면 뜨밤을 피해 도망간다멀티에 가축목장   나머지 배합목장했을시 케이크가 없어도 쉴새없이 뜨밤한다 가축목장 안에 먹이상자를 하나씩 배치한다   그러면 먹이상자에 축적이 된다 먹이상자 맨 앞에 빵 또는 구운열매를 넣어야 뒤에 알 우유 벌꿀이 쌓인다 그렇지 않으면 먹는다 하지만 가축목장에서 나오는 것들은 다른 사람이 훔쳐갈 수 있다 배합목장 안에 먹이상자를 두면 하루종일 뜨밤한다    펠들이 노동을 많이하면 아픈데 치료약 만드는 재료가 겹친다치료약 먹이지말고 새로운 펠들을 포획하여 변경하는게 더 빠르다 도덕책 거꾸로 하는순간 효율이 발생되는 게임이다 ",2024-02-07,2024-02-08,True,112,37,0.848988652229309082,1,True,False,True
156452112,76561198282790652,1050,631,152,0,120,2024-01-23,koreana,"                                           라서         인가게임성은 사람들이  재미따     라는 평가가 도배 수준이니 게임성 야기는 넘어가고아주 크게 걱정인점은 이 회사가 전작 겜들도 여러 게임 카피 쓰까쓰까 원툴이고 평가가 좋아도 얼리때 그냥 게임을 유기해버려서 전체 평가는 긍정이여도 유기해버렸다고 복합 부정 평가로 되버리는거 그래서 정발이 될지도 의문인데 잘업뎃이 될지 모르겠음 유기나 안당하면 다행인 상황솔찍히 잘모르겠어 카피만 하는 애들은 수준이 딱 카피에서 멈춰버리는지라 평가가 좋아도 얼엑에서 유기하는거라서 유기 안하고 추후 업데이트가 되더라도 유저 반응이 좋을 업데이트가 잘될지는   글쎄  암튼  말도 안되는 판매량과 동접수를 보여주고 있으니 유기 안하고 계속 업데이트 제대로 했으면 좋겠다 여담으로 차기작도 할로우나이트   마리오 오디세이 쓰까한 짭겜임      ",2024-01-21,2024-01-22,True,92,12,0.845690131187438965,11,False,False,True
156481381,76561198253006289,0,6,914,0,166,2024-01-24,koreana," 그동안 포켓몬 게임에 배신당해온 모두를 위한 게임 약   년 전   초딩 시절 포켓몬 골드 그린 레드를 플레이하면서 다들 한번쯤은 상상했을 겁니다    년 뒤에는 어떻게 되어 있을까  엄청 좋은 그래픽의 자연은 당연하겠고   그 필드에서  뛰어놀면서 포켓몬들을 잡고 자유롭게 스킬을 쓰며  즐겁게 모험하는 게임이 되어있지 않을까 라고요   하지만 실상은   년 넘게 답답한 턴제는 여전하며그래픽적인 부분은 전작보다 퇴보한다며 욕처먹고 있습니다 이제 포켓몬스터는 그저 추억을 기리는 느낌이지     직접 플레이 하며 즐긴다는 것은 기대할 수 없는 일이 되었죠 그런데 한 인디 게임사에서     모든 이가 꿈에 그리던 그 느낌이 재현되고 말았습니다  급의 탈을 뒤집어 쓴 트레일러를 뒤로하고 들어간 게임에선놀랄 수 밖에 없는 것들이 펼쳐집니다 환상적인 환경에    자유롭게 스킬을 쓸 수 있는 매력적인 몬스터들 거기에 건설 농장 등등 잘 짜여진 파고들기 시스템들이 버무려져있던거죠 처음 포켓몬 고를 봤을 때와 비슷한 느낌이 들었습니다   이건 혁명이다  라고요간단 요약 장점  바쁜 현대인들을 위한 난이도 조정난이도 설정이 굉장히 다양해서 경험치 양이나 플레이어가 받는 대미지 등등을 조정할 수 있습니다 약    시간 플레이에 남들   시간 하는 레벨을 따라잡을 수 있습니다 다양하게 설정해서 다양한 스타일로 즐겨볼 수 도 있겠죠   훌륭한 몬스터들귀여운 몬스터들과 항상 같이 일을 하기 때문에 지루하지 않습니다 트레일러 영상에선   급 느낌이 났지만  실제 다양한 스킬들을 보면 감탄이 나옵니다   모션이나 이펙트가 굉장히 만족스러워요   자연스러운 모험심 자극방대한 필드에 숨겨진 새로운 몬스터들  아이템들  보스들 등등  레벨을 올리다보면 여러 요소들을 잘 엮어놔서 결국 하나씩 하게 되고   자연스럽게  이 세계로 빠져들 수 있습니다     급 스럽지 않은 편의성보통 인디겜들은 여러 불편함이 존재하기 마련인데   그렇지 않은게 놀랍습니다 탈것을 탄채로 아이템을 먹으려고 하면  이정도 행동은 안될거 같은데     라는 생각이 들지만   간단하게 됩니다     그리고 일하는 몬스터들이 알아서 자동으로 템들을 옮긴다거나 싸워준다거나 기타등등   불만이 안나온다는게 그저 갓갓이 아닌가 싶습니다    앞으로 나올 것들전  모드 를 그리 좋아하지 않습니다  하지만 이 게임이라면 적극적으로 쓸 것 같군요 물 포켓몬은 땅에선 스킬 횟수 나 딜레이 제한을 빡세게 하고  물에선 무한정으로 한다던가 하는 식으로정말 꿈에 그리던 것들을 실행할 수 있는 모드들이 나올 것 같다는 생각이 듭니다 단점   바쁜 사회인들의 마음을 흔든 죄  구매로 달게 받아라 결론포켓몬을 플레이해봤던 사람  해보지  않았던 사람 모두가 푹 빠져들만한 요소들이 많습니다 올해 고트 게임  혁명적인 게임으로 모두에게 추천합니다  당신이 어렸을 적 꿈에 그렸던 그 게임  지금 여기 나왔다구  ",2024-01-22,2024-01-23,True,194,12,0.835580706596374512,9,True,False,True
156946873,76561199538457142,0,1,2837,0,2140,2024-01-30,koreana,"잘만들면 오마주  못만들면 표절  그리고 원작을 초월한 작품을 우린 걸작이라고 한다 ",2024-01-27,2024-01-27,True,108,13,0.830739617347717285,0,True,False,True
157016473,76561198008275921,293,86,123,0,94,2024-01-28,koreana,"그린모스 보고 엘든링 트리가드가 떠오르네요",2024-01-28,2024-01-28,True,57,10,0.816830098628997803,0,True,False,True
158475542,76561199266938046,0,3,27018,1784,19497,2024-05-04,koreana,"삼십후반되서 정말 오랜만에 밤샘해서 해본 게임인 만큼 할만한게임최대한 유튜브 안보고 편법 버그 안쓰고 자기만의 스타일로 오래 즐기는걸 추천",2024-02-17,2024-02-17,True,62,2,0.813192486763000488,0,True,False,True
159765950,76561199233872724,0,3,3673,0,3670,2024-03-04,koreana,"아무도 같이 안해줌",2024-03-03,2024-03-03,True,59,19,0.812190830707550049,1,True,False,True
156286924,76561198036911666,298,50,4194,0,26,2024-02-20,koreana,"와  팰월드  포켓몬보다 싸다 ",2024-01-19,2024-01-19,True,65,18,0.807359397411346436,3,True,False,True
156466959,76561198080755631,0,53,1737,0,966,2024-01-31,koreana,"포켓몬을 이거 반만 따라서 만들었어봐라",2024-01-21,2024-01-21,True,74,4,0.806498944759368896,0,True,False,True
156340345,76561198000406709,162,8,6751,0,299,2024-02-18,koreana," 시간정도 플레이하고 남기는  그래서 이거 할만한가요  소감요약   할만함   돈 값은 함 본인이 마인크래프트  혹은 생존게임  혹은 팩토리오 등과 같은 공장게임을 즐겨햇다면 재미있게 할 수 있음포켓몬 팬이라면    아르세우스를 재밌게 했다면     아니라면 비추천입니다 한글화   잘되어있음  일부     오류가 있긴한데 이정도면 양호함     솔직히 여기가 제일 단점  나쁘다는게 아니라 너무 젤다   디비전 느낌이 많이나서 짭게임이란 오명을 벗을수 없는 지점이긴 함 플레이 친절도   보통  좀 탐험하고 하는걸 좋아하면 괜찮은데  첫 플레이는 사실상 튜토리얼 하는 느낌으로 버리고  한   렙정도 찍어보고 새로 시작하는걸 추천컨텐츠   많아보임  일단 쉽게 질릴만한 분량은 아님 플레이      사냥   포켓몬할때  아 그냥 트레이너가 패면 되지 않음   을 구현한 게임이라  팰 들에게 탱킹 맡기고 내가 딜해도 되고  반대도 되고 뭐 별거 다됨활이나 총으로 멀리서 체력만 깎아놓고 바로 헌팅도 됨   건축   반쯤 친절함  이미 지어둔 칸에 딱 붙이기가 자동으로 되는건 좋은데  블럭이 회전할 수 있다는것이 알아보기 힘들단것과  구조물을 안전하게 부술수 있는 기능이 좀 늦게  레벨   으로 기억  해금된다는게 좀 단점   생산   잡기전까진 새롭게 본 애가 무슨 타입인지 알아볼 수 없다는게 좀 흠이긴 한데 이건 포켓몬도 마찬가지니까 패스결론   기대한것보다 훨씬 잘 나왔습니다  돈 가치는 합니다  이건 확실함  여러분의 게임생활에 도움이 되셧으면 좋겠습니다 ",2024-01-20,2024-01-20,True,71,3,0.802134811878204346,0,True,False,True
157080274,76561198093549292,0,14,13866,0,6582,2024-02-13,koreana,"생활패턴 조지는데 이만한 게임이 없다",2024-01-29,2024-01-29,True,45,12,0.7982177734375,0,True,False,True
156293393,76561198101803605,531,155,1329,0,145,2024-01-24,koreana," 젤다 포켓몬의 숨결    맵 소리   젤다게임방식   아크서바이벌몬스터   포켓몬게임은 포켓몬에 생존 오픈월드 집어 넣음 근대 그냥 아크서바이벌에 공룡대신 포켓몬 넣은게임 아크서바이벌이 모르는 분들을 위해 그냥 생존 게임에 자기 집짓고 테크트리를 넣어놔서 점차 내 도구 무기가 미래형으로 바뀌는그런게임 포켓몬들이 일잘함  나름 갓겜들을 잘 섞어서 맛나게 재밌음 생존  포켓몬 좋아하면 추천  다만 얼엑이라 디테일 적인부분에서 아쉬운부분이 많음",2024-01-19,2024-01-19,True,90,15,0.797867715358734131,0,True,False,True
156594741,76561198080775128,0,30,6617,0,883,2024-02-29,koreana,"당신이 퇴근을 하고 집에 도착해 이 게임을 키면 그것은 출근이 될 것입니다그러니깐 혼자 하지 마세요 튜토 끝나면 지옥입니다",2024-01-23,2024-01-23,True,117,24,0.791180431842803955,18,True,False,True
157579172,76561198860428448,172,66,13900,0,346,2024-04-07,koreana,"김피탕 만세",2024-02-04,2024-02-04,True,84,23,0.789956510066986084,0,False,False,True
156390460,76561198409846163,0,37,38371,1784,1373,2024-04-29,koreana,"함께해요 노동의 숲",2024-01-21,2024-01-21,True,68,12,0.789645552635192871,0,True,False,True
156283555,76561198407746165,102,88,7626,0,39,2024-02-03,koreana,"      오픈월드귀여운 포켓몬   싸워주고  태워주고  일 잘하고  배고플 때 먹을 수도 있는  급노예",2024-01-19,2024-02-04,True,70,7,0.789500594139099121,1,False,False,True
159271824,76561198019293692,0,50,4821,0,4821,2024-01-31,koreana,"닌텐도  보고있나  너희들이 내다버린   년을",2024-02-26,2024-02-26,True,42,19,0.783981084823608398,0,True,False,True
156345088,76561199560204008,52,6,2325,0,158,2024-01-28,koreana,"맛있는걸 다 쓰까놔서 이상한 맛이 날거 같은데 의외로 맛있음왜 맛있는지 존나 의문임 그냥 맛있음",2024-01-20,2024-01-20,True,68,13,0.779299736022949219,1,False,False,True
158155369,76561198102107891,159,262,7,0,7,2024-03-31,koreana,"                                                            로켓단 놈들 이렇게 재미나는걸 니들만 했어  ",2024-02-12,2024-02-12,True,93,39,0.776156246662139893,0,False,False,True
156600815,76561199074896607,0,94,14657,0,150,2024-04-06,koreana,"이게 게임이야 겜프릭들아 포켓몬   로 이런 거 만들었으면  천만 장은 눈 감고도 팔릴 듯   포켓몬 디지몬 모드 존버 ",2024-01-23,2024-01-23,True,114,5,0.774294555187225342,16,True,False,True
158001191,76561198370792648,298,954,1232,0,1124,2024-04-13,koreana,"게임이란  재밌으면 장땡",2024-02-10,2024-02-10,True,103,8,0.772374212741851807,2,True,False,True
161122475,76561198162090660,56,17,28710,816,6230,2024-05-01,koreana,"펠월드 늦바람불어서 시작했는대 바람이안멈춤",2024-03-22,2024-03-22,True,38,15,0.762874782085418701,4,True,False,True
147964123,76561199032274364,0,1,1796,0,274,2023-12-27,koreana,"이창민   아 같이 해준다메",2023-10-10,2023-10-10,True,92,65,0.890714943408966064,1,True,False,False
159760621,76561198194778881,0,1,37677,0,37467,2024-03-22,koreana,"낮   뭐하려고 했더라저녁   아 맞다밤   아 벌써 밤이네낮  뭐하려고 했더라",2024-03-03,2024-03-03,True,37,16,0.817596077919006348,0,False,False,False
157061641,76561198282648707,0,2,8235,0,7937,2024-03-31,koreana,"난 이제 어떤 캐릭터를 선택해도   년 전통 미트볼 전문집 요리사가 된다",2024-01-29,2024-01-29,True,33,20,0.802867412567138672,0,True,False,False
140307854,76561198445334676,169,70,1750,0,1689,2023-07-02,koreana,"요리하려고 냄비에 불붙였는데 냄비가 불타 없어졌어요",2023-06-19,2023-06-19,True,38,73,0.797197639942169189,0,True,False,False
141498704,76561198795459711,0,1,1330,0,417,2023-07-13,koreana,"야 이하란개새끼야 왜 하자해놓고 사니까 안하는데    담궈버리고 싶다 너때문에 개노잼이잖아 한번 해봤다며 너가제일 못해 개새끼야",2023-07-07,2023-07-07,True,57,37,0.766311228275299072,0,True,False,False
145720294,76561198951142368,0,2,72624,212,60619,2024-05-04,koreana,"아직 잘 모르겠어요 더 해봐야 알것같아요",2023-09-06,2023-09-06,True,27,24,0.752734899520874023,0,True,False,False
140546372,76561198312227425,0,9,101,0,101,2022-06-12,koreana,"친구 없으면 못하는 게임입니다 저는 친구가 없어요  그치만 가끔 지인분이 같이 해주신다고 하면 열심히 할 의향이 있습니다 여러분 게임 같이 할 친구 정돈 사귀어 두세요 ",2023-06-23,2023-06-23,True,28,6,0.752015292644500732,0,False,False,False
148202139,76561198366035367,0,2,18861,0,18860,2023-12-19,koreana,"내 쓸모를 입증할 수 있는 유일한 세계",2023-10-14,2023-10-14,True,17,5,0.722222208976745605,0,True,False,False
151815417,76561198032607641,501,105,1788,0,1788,2023-11-20,koreana,"괴물보다 우리팀의 밥벌레들이 더 무서움",2023-11-25,2023-11-25,True,18,7,0.709026813507080078,0,True,False,False
158293903,76561198392222969,0,29,6406,0,6406,2024-01-02,koreana,"레시피 검색 열심히 하고 미트볼만 만듬",2024-02-14,2024-02-14,True,14,6,0.6875,0,True,False,False
154611734,76561199509773712,16,16,626,0,198,2024-01-21,koreana,"상황에 따라 이름이 바뀌는 게임굶지마정신 놓지마나대지마하지마",2023-12-28,2023-12-28,True,14,2,0.681528687477111816,0,True,False,False
140085660,76561198869798360,0,1,4555,0,3807,2023-06-16,koreana,"혼자하고 있지만 재밌어요",2023-06-15,2023-06-15,True,16,4,0.679433822631835938,0,True,False,False
145699699,76561198839628124,0,1,15779,6,11360,2024-04-27,koreana,"세상의 모든게 나를 싫어하지만 전 괜찮아요",2023-09-05,2023-09-05,True,12,11,0.653179168701171875,0,False,False,False
139497936,76561199384581425,0,1,20395,786,14087,2024-04-28,koreana,"모드 창작마당 쓰고 공약 유투브 봐라 제발 뉴비는 튜토없어서 헤메지말고   튜토없다 ",2023-06-04,2023-06-04,True,14,0,0.644212484359741211,0,False,False,False
140922302,76561198426313587,0,6,34696,0,32915,2024-04-04,koreana,"재미없습니다",2023-06-30,2023-06-30,True,12,15,0.624078571796417236,0,False,False,False
143194464,76561199103113575,0,7,8186,1,6542,2024-04-30,koreana,"진짜 섬세하고 컨텐츠 풍부하고 잘 만든게임    근데 모드없으면 못할 것 같음  너무 어려움뉴비 때 이 게임 특유의 불친절함을 견뎌낸다면 이만한 갓겜이 업슴다 ",2023-08-01,2023-08-01,True,10,1,0.623588442802429199,0,False,False,False
159779339,76561198402250153,0,33,51910,0,51910,2024-01-13,koreana,"   시간이나 했지만 아직도 뉴비다 ",2024-03-04,2024-03-04,True,9,3,0.620689630508422852,0,False,False,False
157506154,76561198886375012,0,21,1116,0,1116,2023-03-08,koreana,"아 배고파 아 배고파 아 배고파 아 배고파 아 배고파 아 배고파 아 배고파 아 배고파 아 배고파 아 배고파 아 배고파 아 배고파",2024-02-04,2024-02-04,True,6,1,0.616724729537963867,0,True,False,False
148736613,76561199108597887,0,36,1451,0,1451,2023-04-09,koreana,"난 이 게임 너무 재밋게 플레이함 밤엔 공포 느낌도 나면서 판타지 생존겜 같은 느낌도 들면서 이 게임 하면서 하는법을 잘 모르는 상태에서 하다가 싱크홀도 부수고 이상한 눈 큰 새도 집에 데려도 와보고 재밋었음 서버나 친구들이랑 같이 하면 재밋음",2023-10-23,2023-12-29,True,7,7,0.61538463830947876,0,False,False,False
150537431,76561198097038439,0,30,1769,0,1769,2023-06-03,koreana,"저는 요리와 농사를 담당해요",2023-11-21,2023-11-21,True,9,1,0.614035129547119141,2,True,False,False
158221594,76561198043317534,0,7,24614,0,24412,2024-03-26,koreana,"아직 잘 모르겠음 더해야할듯",2024-02-13,2024-02-13,True,5,3,0.60000002384185791,0,True,False,False
154115198,76561198160153723,0,14,3662,0,3662,2023-11-18,koreana,"외눈 사슴샛끼가 제 집을 뿌쉈어요나무를 주섬주섬 주워서 집을 복원했더니이 샛끼가 또 와서 뿌쉈어요흑흑",2023-12-22,2023-12-22,True,6,9,0.60000002384185791,0,True,False,False
156868303,76561199483546223,0,1,176640,25,153762,2024-04-22,koreana,"완전 내인생겜 이거말곤 딴게들오긴함그래도최애겜",2024-01-26,2024-01-26,True,5,0,0.598540186882019043,0,True,False,False
149296071,76561199218876112,0,1,105819,317,97853,2024-05-04,koreana,"중독성 미침    첨에 솔로서버로만     일 넘게하다 공방열어서 한참 하다 다시 솔로섭 새로파서 하는중    돈스타브 투게더는 기본적으로 멀티게임이지만 혼자 해도 재밌음   컨텐츠도 꾸준히 새로 나와서 이천원주고 산 게임인데 가성비가 장난아님   튜토리얼이 전혀 없어서 아무것도 모른채로 게임 시작했다간   퍼  일 넘기지 못하고 사망할 것  커뮤니티 창작마당                       검색 최다 구독수 정렬 에 있는 모드들 몇가지 사용하는게 좋음                                                       한글모드                    정도 뉴비라면 유튜브 장기코 채널의 뉴비   첫가을 가이드영상 한번 보고오는걸 추천함  참고로 여긴 업데이트 때마다 새 컨텐츠들 잘 정리해서 올려주는 계정이라 구독해두면 좋음",2023-11-01,2023-11-01,True,7,0,0.592592597007751465,0,True,False,False
139006289,76561198127088631,235,30,15515,918,9316,2024-05-01,koreana,"아 돈스타브좀 같이 하자고",2023-05-26,2023-05-26,True,7,1,0.590517222881317139,0,True,False,False
151092190,76561198164129758,2258,44,1636,0,1636,2023-07-29,koreana,"항상 굶는다 ",2023-11-23,2023-11-23,True,6,0,0.584905624389648438,0,True,False,False
145779203,76561198334471332,0,1,133743,3935,97468,2024-05-04,koreana,"즐겁습니다 근데 아직 게임에 대한 이해도가 부족하여 좀 더 열심히 해야 할 것 같습니다시간이 남아 도는 분들한테 추천 드려요    ",2023-09-06,2023-09-06,True,6,3,0.584068536758422852,0,True,False,False
158671028,76561198893776400,0,17,608,0,608,2022-01-06,koreana,"공짜로 주는 집밥이 진짜 좋은거였구나",2024-02-19,2024-02-19,True,4,1,0.583333313465118408,0,True,False,False
156173456,76561199249747123,0,11,543,0,388,2024-01-19,koreana,"굶어 죽는거보다 맞아죽는게 더많음",2024-01-18,2024-01-18,True,6,2,0.583333313465118408,0,True,False,False
149529224,76561198078139867,288,21,3539,0,2830,2023-12-26,koreana,"입문이 많이 하드하지만 재미붙이면 컨텐츠 많은 협력겜",2023-11-05,2023-11-05,True,4,0,0.583333313465118408,0,False,False,False
148671094,76561199229643176,0,3,34300,0,33951,2024-04-11,koreana,"여러분 이게임 하실때는 중요한게 있어요 항상 뭘두고 왔는지 확인하세요 안그럼    후회하니까",2023-10-22,2023-10-22,True,5,2,0.583333313465118408,0,True,False,False
158869941,76561199563767267,0,7,9390,0,8645,2024-02-29,koreana,"이 게임에서 날 죽이려 드는것들거미뼈다귀나무토끼개구리새그림자개미사슴돌쪼가리물고기원숭이고양이돼지그리고 훨씬 많을것들",2024-02-21,2024-02-21,True,5,1,0.575671851634979248,0,True,False,False
155449765,76561198334382180,0,17,6274,0,6274,2023-08-09,koreana,"게임이름은 굶지마인데 안굶어도 뒤지는 상황은 수없이 나온다       겜이름 굶지말고  나대지말고  정신나가지말고  춥지말고  덥지말고  기타 등등 하지 말고로 바꿔야함      ",2024-01-07,2024-01-07,True,5,7,0.572649598121643066,0,True,False,False
154982772,76561198306536131,0,1,21135,0,17642,2024-01-14,koreana,"이 게임의 최종보스는 썩어가는 음식이다 ",2024-01-02,2024-01-02,True,4,2,0.572649598121643066,0,False,False,False
153650027,76561199506296210,0,1,4863,289,1516,2024-05-01,koreana,"정병 걸리기 딱 좋은 게임 ",2023-12-16,2023-12-16,True,4,5,0.572649598121643066,0,False,True,False
162971711,76561198118511630,0,2,7142,0,7142,2023-07-19,koreana,"아직도 이 게임을 대체할만한 생존 멀티 게임을 못찾았다  ",2024-04-16,2024-04-16,True,3,1,0.565217375755310059,0,True,False,False
149180566,76561198186444597,0,2,5298,0,4993,2024-03-01,koreana,"처음에는 어떻게 할지 몰라 뻘짓하고 죽던 시절이 있었지만 공략을 보면서 차근차근 해보니 알면 그리 어렵지 않은 게임인 것을 알 수 있었다  지인들에게 무조건 추천하는 게임 ",2023-10-30,2023-10-30,True,4,0,0.565217375755310059,0,True,False,False
139989815,76561198201740349,123,10,3543,0,3543,2020-12-28,koreana,"같이할 친구만 있다면 이만한 게임도 없습니다 게임을 구매하면 친구에게 무료로 선물 할 수 있어요뉴비에게는 너무 가혹한게임이니 게임을 어느 정도 배우고 시작하는게 좋겠네요 ",2023-06-13,2023-06-13,True,6,0,0.565217375755310059,0,True,False,False
137820624,76561199116791245,0,1,13790,0,11618,2023-11-07,koreana,"조금만 더 일찍 살 걸",2023-05-05,2023-05-05,True,3,0,0.565217375755310059,0,True,False,False
154810917,76561198830566062,17,1,771,0,588,2024-01-05,koreana,"제발 괴물고기랑 얼음만 가져와 제발",2023-12-30,2023-12-30,True,3,2,0.563492059707641602,0,True,False,False
142229377,76561199039519919,0,18,670,0,670,2022-01-16,koreana,"내집마련의 중요성을 알려주는 게임",2023-07-17,2023-07-17,True,7,1,0.561403512954711914,0,True,False,False
148903801,76561199000765063,0,42,649,0,649,2023-10-02,koreana,"굶어 그냥",2023-10-26,2023-10-26,True,4,14,0.560000002384185791,0,True,False,False
156090652,76561198122120085,54,35,7515,0,7515,2023-10-23,koreana,"하 아니 잊을만 하면 주기적으로 외눈박이 사슴거인  가 찾아와서 집 철거하고 가네 내 집터가 마음에 안들었니 ",2024-01-16,2024-01-16,True,5,3,0.549314141273498535,0,False,False,False
151642067,76561198098239798,315,67,15471,0,15391,2023-12-02,koreana,"멀티는 만들기 싫다    공식으로 실제로 했던말팬들의 열렬한 지지에 못이겨 만든 멀티모드였으며 처음엔 기본겜 가지고있는사람은 게임 공짜로 다줬던 클레이의    격인 게임이였으나 스킨으로 돈맛좀보고 각종 세계관 설정넣기가 편해서 그런지 몰라도 싱글돈스타브는 햄릿이후로 뒷산에 개같이 유기되고 이쪽만 업데이트 되고있는 실정이다   스토리상으로도 싱글의 이후임 투게더에서의 방향성은 다르게 잡혔지만 싱글에 있던 햄릿  쉽렉트의 기믹이라던지 월드세팅같은것도 이쯤됫으면 차라리 넘어와줬으면 하는 바램이 있기도 하다 게임이 게임인지라 예전엔 혼자해도 충분히 할만하고 재밌는 게임이지만 요즘은 업데이트가 많아지고 캐릭마다 색이 뚜렸해졌기 때문에 어지간하면 사람들과 같이하는게 좋은 게임이 되었다 ",2023-11-25,2023-11-25,True,4,0,0.547325074672698975,0,False,False,False
140039830,76561198419836205,0,1,16675,56,7519,2024-05-04,koreana,"하면 할수록 빠져든다  ",2023-06-14,2023-06-14,True,4,0,0.547325074672698975,0,True,False,False
158359880,76561199038709632,6,6,890,0,890,2023-12-27,koreana,"몬스터 개섀기들 존내쏌",2024-02-15,2024-02-15,True,2,0,0.545454561710357666,0,False,False,False
156466953,76561198401815708,60,9,18179,1,18035,2024-04-28,koreana,"사람모으기 힘듦",2024-01-21,2024-01-21,True,2,0,0.545454561710357666,0,True,False,False
152521866,76561198123224557,0,7,1116,0,1116,2020-06-18,koreana,"야밤에 웬 검 은 괴한들이 오는 게임",2023-11-30,2023-12-02,True,4,4,0.545454561710357666,0,False,False,False
149115641,76561199075997773,0,4,5143,0,1175,2023-11-19,koreana,"다른 동네는 식구 많으면 좋다던데 우리 가족은 식구 많으니 힘들다 ",2023-10-29,2023-10-29,True,2,0,0.545454561710357666,0,True,False,False
148540856,76561198918121642,0,2,394,0,41,2023-10-26,koreana,"어케 하는지 모르겠는데 같이 할 사람   ",2023-10-20,2023-10-20,True,2,3,0.545454561710357666,0,True,False,False
156715380,76561198114286389,0,225,4411,0,2238,2024-03-20,koreana,"  시간 장인 공략집 한편 만들었습니다 저도 자원 위치 찾는데 개고생을 해서주요 자원 위치 및 여러 팁들을 좀 담아봤습니다 한번 보고 하시면 월드 산책하는 시간  시간 이상 줄이실 수 있으실 거라 봅니다                                                                 리뷰추가  화염제단  단계 찍고이쯤하면 얼리분량 끝이겠지 했는데이제부터 시작이었습니다 진짜 재밌어서 개빡치네요 화염제단  단계 만드는게 생각보다빡센데 제가 조만간 영상으로 알려드리겠음    시간 리뷰영상 참고                             저같은 발헤임 매니아라면 그냥 바지에 쌉니다 지금 복합적 평가여도 걱정없습니다 지금은 멀티도 잘 안되고 최적화 문제가좀 있기 때문에 주의가 필요하긴한데 그래도 저는 이 게임의 유일한 단점이 최적화 문제인것으로보여지기 때문에 이것만 픽스된다면 금방 다시복합적 점수는 회복 될 것으로 보여지네요 이 노박이의 안목은 틀린적이 없습니다 하여튼 저는 게임사로부터 몇일 일찍 게임을 제공받아 지금은 벌써   시간정도 즐겨보았는데  아직도 할게 많았습니다 이 게임은 발헤임 속 모든 기능들을 다 갖춘 고퀄판이면서도전투나 그래픽은 뭔가 아웃워드 느낌이 섞여있었다랄까요 한마디로 발헤임 속 건축 제작 탐험요소를 더 좋은그래픽에 더 액션감 넘치는 전투로 즐길 수 있었다이말인데  여기는 심지어 육성요소 스킬트리 스탯 도깊이가 깊어 대마법사 궁수 도적 탱커 버서커 치유사등 다양한 빌드 육성이 가능했다보니 제가밤을 안 샐 수가 없었네요 게다가 전투도 심심하게 클릭이나 하는 방식이 아니었고  닷지 패링 블락을 조합해가며 공격 및 스킬시전을해야하는 액션감 넘치는 전투였고템들도 등급별로 존재하는데다 장비강화 기능도 있어서  템파밍하는 맛도 있었고 또 월드 속을 돌아다니다보면    들을 구출할 수 있는데 얘네들을 구출하면 여러분 기지에 자유롭게 배치시켜 끝없는 퀘스트 수주와 온갖 새로운 제조법 및 건축법을배워 탐험 크래프팅 기지건설을 모두 즐겨 볼 수 있었습니다 아 그리고 이 게임도 발헤임처럼 음식들을 요리해다양한 버프효과를 얻는 그런 기능과 생존요소 게다가 땅굴을 자유자재로 파 건축하는 그런것도가능한 등 진짜 게임성은 장난아니었습니다  유일한 문제점 아 물론  아직 얼리엑세스라는 점에서 자잘한버그와 최적화 이슈가 좀 있긴했습니다 일단 게임을 처음 시작하시자마자 옵션가셔서해상도 스케일을 올리셔야 화면이 선명해지는데안습이게도 지금 이건 사양이 많이 탑니다 지금은 제 컴퓨터              에서도 풀사양으로돌릴 경우 조금씩 버벅이고 렌더링도 좀 늦던게 확실히 최적화가 그렇게 좋지 못한편이라는생각이 들었습니다 근데 다행인건 최적화 문제는 차츰차츰 해결가능한문제점인데다 이 게임의 유일한 문제점이었다보니이번 얼엑 기간동안 이 모든것들을 잘 다듬어만 나간다면정식출시때 진짜 초갓게임으로써 우뚝 설 자격은 충분히 있다고 보여지네요 최적화만 해결된다면   점도 줄 수 있겠습니다 아 그리고 제가 해보니 맵의 절반지역 이상넘어가려하니   시간걸림  거기는 앞서해보기 지역을 벗어났다고 하는게 아직 개발중인가봅니다 그래서 이 게임의 진짜 재미는 정식출시때 볼 수 있겠네요 하여튼 지금 평가를 적고있으면서도게임이 하고 싶어 손가락이 떨리는데 요즘 팔월드부터 이 게임까지 제 생명력을갉아먹어주는 게임들이 많이 나와줘서 너무 좋네요 ",2024-01-25,2024-01-27,True,677,46,0.930260837078094482,0,False,False,True
157009964,76561198046021534,0,12,5911,0,2424,2024-02-05,koreana,"개 쉬발 거지새끼들이 같이 놀라고 방파니까  분만에 다 털어가네 몬스터보다 무서운 새끼들문짝까지 털어가야했냐 추워 시팔새끼야   ",2024-01-28,2024-01-28,True,223,249,0.916433572769165039,0,True,False,True
157464198,76561198338924307,0,35,6767,0,4768,2024-03-30,koreana,"내가 게임을 시작하고 일지를 읽을때옆 사람은 일지 옆에있는 상자를 열었고내가 적과 싸우고있을때옆 사람은 적 옆에있는 상자를 열었고내가 죽었을때 옆 사람은 내 시체 옆 상자를 열었고내가 퍼즐을 풀때옆 사람은 문을 부숴서 상자를 열었고내가 상자를 발굴하려할때 옆 사람은 보이자마자 상자를 열었고내가 자물쇠로 상자를 열때옆 사람은 풀자마자 상자를 열었고내가 상자를 열때 옆 사람은 내용물을 가져갔다",2024-02-03,2024-02-03,True,112,118,0.877151191234588623,0,True,False,True
156869009,76561198047602644,463,65,3598,0,668,2024-04-08,koreana," 자신이 젤다  발헤임  테라리아  엘든링  유비식 오픈월드 해봤다    그러면 이 게임은 국밥입니다   재미있는 모험 쉽게 설명하자면 젤다와 발헤임을 섞어 놓은 것 같습니다    어  저기 뭐 있을 것 같은데  가보자  이런 젤다식으로 모험을 하게 되며상당히 세부적으로 상자들이 숨겨져있기 때문에 찾는 재미가 있습니다 젤다의 사당이나 신수처럼 복잡한 내부 구조를 탐험하는 경험도 할 수 있습니다 생존 방식은 발헤임식이지만 자유롭게 포탈을 이용할 수 있고 건축도 더 자유롭습니다 이 게임의 전작인 포탈 나이츠의 향수가 깨알같이 느껴지기도 합니다 테라리아와 발헤임처럼 캐릭터와 월드 세이브가 분리되어 있기 때문에 부담 없이 싱글  멀티를 오갈 수 있습니다  알잘딱 아이템 파밍 요즘 샌드박스 생존 크래프팅     게임들의 가장 큰 문제는 아이템 파밍에 있다고 생각합니다 무조건  노가다 로 얻은 재료로 무조건  제작  하면서 계단식 성장을 하게 되는데너무 제작 장비만 있을 경우 모험하는 맛이 떨어지게 됩니다  열심히 모험을 해봤자 열심히 광질하는 사람이 이득입니다 테라리아 같은 경우 모험과 노가다의 밸런스를 매우 잘 맞춘 게임이기 때문에 최고의 게임이라고 생각했습니다 인슈라오디드도 테라리아와 같습니다  일단 제작으로 기본 장비를 만들고 모험으로 더 강력한 장비를 얻어 성장합니다 오히려 테라리아 보다 모험의 비중이 더 큰 것 같습니다  애초에 돈 버는 방식도 장비 분해이기 때문에 모험으로 장비를 많이 얻습니다  게임의 원동력이되는 퀘스트 라인 이 게임은 퀘스트가 존재합니다 퀘스트를 진행하지 않으면 게임의 진도를 나갈 수 없습니다 아니 젤다 발헤임 테라리아를 섞은 게임이 퀘스트가 강제라고  이런 생각이 들긴 합니다 하지만 오히려 장점이 될 수도 있습니다  테라리아와 발헤임의 유일한 단점이 무엇입니까  뉴비 입장에서 게임이 굉장히 막막하다는 것입니다 테라리아는 가이드    가  발헤임은 까마귀    가 게임의 방향성을 가르쳐 주는데 뉴비가 걔들을 보겠습니까 이 게임은 그냥       처럼 떠 먹여주는 퀘스트 라인을 선택하면서 뉴비 친화적으로 만들어 놓았습니다 그런데 퀘스트를 주는 방식이 심상치 않습니다  그냥    가 주기도 하지만 필드 곳곳에 있는 문서를 읽으면 맵에 관심 지역을 마크해줍니다 마치 위쳐  마을 게시판  스카이림의 문서를 읽고 발생하는 퀘스트가 연상됩니다 다른 말로 표현하자면 내가 직접 발견해나가는 유비식 오픈월드인 것입니다  단점 화면 새로고침 빈도가     로 고정되어있습니다     프레임이라도   처럼 보입니다 기본적으로 최적화가 좋지 않습니다  그래픽 옵션 균형을 추천합니다 단점은 아니지만 출시 시기와 가격  장르가 팰월드와 비슷해서 매력이 없어보일 수 있습니다 거창하게 오픈월드라 소개했지만 사실 지형지물  적의 레벨 등 많은 요소로 탐험의 제약이 있긴 합니다    가 불편합니다  팰월드가 그리워집니다  총평 프랜차이즈 식당에 가려진 나만의 국밥집",2024-01-26,2024-01-26,True,86,4,0.845597028732299805,0,True,False,True
157157975,76561198407746165,102,88,97,0,97,2024-01-28,koreana,"         머릿속에 팰월드 생각밖에 없어서몰입을 못하겠어요 나중에 해야겠음",2024-01-30,2024-01-30,True,75,16,0.762614250183105469,0,True,False,True
159321724,76561198081320306,0,1,8425,0,6197,2024-04-03,koreana,"발헤임과 마인크래프트를 섞어 놓은 느낌의 게임이네요주관적 평가입니다  당연하지만 생존         아사 없음  기지 침공 없음  데스 패널티 약함  딱히 단점은 아님 채집         나무와 돌 채집시 땅에 떨어진 것들을 주워야 하는데 잘 안 보임제작         재료 요구량은 적당한 편이나 대량생산 시 제작 버튼을 연타해야함  아이템 분할 절반씩만 되서 불편건축         마인크래프트처럼 작은 블록들로 다양한 건축이 가능  무게 지탱 필요 없음 공중 건설 가능   배치에 따라 모양이 바뀜가구         발헤임보다는 낫다는 수준으로 실내 꾸미는 재미를 누리기엔 조금 부족전투         단순하지만  생존 게임치고  시원시원하고 다양한 스타일의 전투 가능탐험         다양한 방식으로 탐험 가능  숨겨진 보물상자 찾는 재미최적화            가 들쭉날쭉하고 텍스쳐 품질이 심하게 떨어진채로 유지될 때 있음한글화         게임 하는 데는 지장 없으나  오타나 괴상한 번역이 숱하게 발견됨 얼액이라 돈을 아낀듯 제가 생각하기에 이 게임의 특징 혹은 호불호 요소를 적어봅니다   땅파기위아래로만 팔 수 있었던 발헤임과 달리  한 블록씩만 캘 수 있었던 마인크래프트와 달리  이 게임은 모든 방향으로 땅을 파나갈 수 있습니다그래서 땅 속에다 개미집 같은 기지를 건설하는 것도 가능합니다아니면 절벽 같은 곳에다가 땅을 파서 길을 만들어서 오를 수도 있고 심지어 던전 내에서 벽을 뚫어서 정해진 공략법을 우회하는 것도 가능합니다  원래 입구 말고 옆에서 땅을 파고 들어서 침입도 가능합니다 그리고 지형에 섞여 있는 자원을 캘 때도 땅을 파내려가면서 얻기 때문에 진짜 광산 갱도를 파내려가는 느낌을 조금 받을 수 있습니다    자원 채집나무나 돌을 캘 때 도구로 대상을 파괴한 뒤에 흩어지는 파편을 일일이 줍는 식으로 자원 채집이 이뤄집니다귀찮기도 하지만 그보다 바닥에 떨어진 것들이 지형에 파뭍혀서 잘 안 보이기 때문에 조금 피로합니다떨어진 물건을 강조해주던가 아니면 주위의 떨어진 물건을 일괄 줍는 기능이 아쉬웠습니다   고정맵발헤임의 랜덤 맵처럼 매번 플레이 할 때마다 직접 탐험하기 전까진  시드 번호를 기억해둔 게 아니라면  어디에 뭐가 있는지 모르는 게 아니라 다회차마다 똑같은 맵을 따라 똑같은 진행을 해야하는 것은 단점일 수도 있습니다하지만 사람의 손을 탄 맵이다보니 여러 요소들의 배치가 동선과 맞춰서 잘 짜여져 있고  랜덤을 생성된 맵에서는 볼 수 없는 정교하고 아름다운 경치를 만날 수 있습니다  마을 구현에는 감탄이 나오더군요 그리고 퀘스트라인을 끝내서 모든 테크를 개방한 이후에도 게임을 계속 하려고 하면 마인크래프트처럼 건축만이 남는데  이 집짓기 요소를 깊이 있게 즐길 수 있어서 다회차에 약한 단점 대신 가져간 장점이라고 봅니다   퀘스트라인소재 발견 외에도 퀘스트라인을 따라서 목표를 달성하는 것으로 기술 수준을 조금씩 올려가는 게 이 게임의 특징입니다자유도가 떨어지는 느낌을 받을 수도 있겠으나  어차피 어떤 게임이든 테크 발전 순서는 정해져 있기 마련이므로 그렇게 큰 단점이 되진 않을 것 같습니다반면  퀘스트라인을 통해 자연스럽게 플레이어가 뭘 할 수 있는지  어떻게 해야하는지를 가르쳐주는 것을 장접으로 꼽을 수 있습니다또 탐험의 재미도 주면서 다음 레벨 지역으로 유도하는 역할도 합니다맵에 딱딱 목표 위치를 지정해주기 때문에 우연한 발견에서 오는 재미를 잃었다고 볼 수도 있습니다만  막연하게 뭔가 나올 때까지 맵을 뒤져야하는 스트레스는 줄이므로 기존 게임들 보다 접근성은 올라갔다고 생각합니다우연한 발견의 재미는 상자 찾기  심지어 땅속에 뭍혀 있어서 파내야 하는 경우도 있음 에서 만족하면 될 듯 싶습니다   스킬 트리발헤임처럼 뭐든 사용하기만 하면 전부 숙련도가 오르는 것이 아니라 자신의 플레이 방식에 맞춰서 스킬 트리를 타야합니다  단순 강해지기만 하는 게 아니라  단 점프처럼 플레이스타일에 변화를 조금 줍니다 스킬 포인트는 레벨업과 맵 내의 특정 지역 클리어로 얻을 수 있습니다리셋 비용이 저렴하기 때문에 언제든 자유롭게 스킬 트리를 바꿀 수는 있지만 획득 가능한 포인트에 비해 특성의 수가 훨씬 많아 만능캐로 돌아다닐 수는 없습니다상황마다 적절한 무기가 바뀌기 때문에 솔플시에는 호불호요소 같은데  다른 사람과 함께 할 때는 역할 분담을 확실하게 할 수 있어서 장점이 된다고 봅니다   보관중인 재료를 이용한 제작타 게임의 경우 모드를 사용해야만 가능한 경우가 많았던 상자 내 물품을 알아서 끌어다가 제작에 사용하는 것이 이 게임에선 모드 없이 가능합니다  특수 상자를 제작해야하긴 함 다만 상자에 넣을 때는 여전히 일일이 찾아서 넣어줘야하기 때문에 여전히 피로감이 조금 있습니다한번에 다수의 상자를 다루거나  자동 저장 기능이 있었으면 싶습니다그리고 시간을 들여 생산하는 종류의 설비의 경우 이 기능을 이용하지 못합니다   농사야생에서 채집한 과일을 묘판에 심어서 묘목을 얻고  이걸 다시 토양에 심는 방식으로 농사를 짓습니다묘목을 얻는 레시피가 작물마다 달라서 키우는 난이도가 다른데  다행히 대량 생산이 필요한 작물들은 쉬운 편입니다하지만 수확할 때 일일이 눌러줘야해서 손가락이 조금 힘듭니다낫 같은 거 만들어서 일정 지역 내의 농산물 일괄 수확이 가능하게 해줬으면 좋겠더군요그리고 농산물 위에서 공격버튼 잘 못 누르면 애써 지은 농사에 대참사가 날 수 있습니다   음식발헤임과 동일하게 아사 없이 버프로만 기능합니다초반에는 음식의 유무가 그렇게 크게 중요하지 않으나  점점 그 중요성이 증가합니다다만 그만큼 음식 버프 유지시간도 늘어나서 음식을 꾸준히 보충해야하는 스트레스는 줄어듭니다반면 죽으면 음식 버프가 전부 날아가는 게 일종의 데스패널티로 작용합니다음식 유형이 있어 같은 유형의 음식을 중복해서 먹을 수 없고 버프가 완전히 사라지기 전까지 효과는 동일하게 유지됩니다   보스전발헤임과 비교하면 보스의 역할이 살짝 축소되었고 같은 종류의 보스가 맵 여기저기에 다수 존재합니다다음 지역으로 넘어갈 때 가급적 본진의 레벨을 올려두는 게 좋은데  보스의 머리가 재료로 쓰입니다전투 난이도도 발헤임보다 쉬운 편이며 일반적인    처럼 보스가 드랍    보스방에 있는 상자의 무기가 대체로 쓸만한 품질이라 여러번 사냥할 가치가 있습니다    건설건축은 지정된 영역 내에서만 가능하고  그 영역을 세울 수 있는 개수는 정해져 있습니다영역은 재료를 모아 그 범위를 넓힐 수 있으며  서로 겹칠 수도 있기 때문에  맵 전체를 고치려하지 않는 이상 건축 공간이 부족할 일은 없습니다마인크래프트 같은 블록 단위로 건축을 하는데  발헤임 같은 무게 지탱 요소가 없어서 공중에 붕 뜬 건물 같은 것도 얼마든지 만들 수 있습니다단순 정육면체 블록으로만 이루어지는 게 아니라 서로 연결된 블록의 상태에 맞춰서 형태가 바뀌는데  때론 그 형태가 의도와 달라서 애를 먹을 수 있습니다",2024-02-26,2024-02-28,True,24,3,0.76213228702545166,0,True,False,True
157026688,76561199260495434,18,5,417,0,334,2024-02-06,koreana,"형 관보내지마",2024-01-28,2024-01-28,True,41,10,0.737753510475158691,2,True,False,True
157222235,76561198033456918,727,39,3604,0,3115,2024-01-31,koreana," 장점  탐험  맵 돌아다니며 상자까고 우물찾고 글라이더로 날다가 빨간땅 빠지기도 하고 등반힘든언덕 점프로 비비거나 땅굴깎는등 탐험하는 맛이 일품임 건축  건축망치 처음들땐 방식이 어려운줄 알았는데 적응하니 이렇게 편할 수가 없음 건축소재도 매우매우 굉장히 다양함 탐험하면서 건축블록 모으는 재미가 있을정도인슈라오디드의 완성형 컨텐츠이면서 엔드 컨텐츠 공짜에 가까운 스킬 초기화  첫 초기화때   원밖에 안들길래 스킬 많이 찍을수록 더 많이 요구하나  싶었는데 나중에까지   원이었음궁금한 스킬들 찍어보며 테스트해보고 노가다때 생존자트리로 갈아끼우는 등 부담없이 스킬을 찍을 수 있어서 만족 끊이지 않는 시설 개방  존나끊이지 않음 이 미친    식충이새끼들이 요구하다못해 하다하다 연구소까지 쳐갖다달라함 내가 제작하는거 좋아해서 참았다    자유로운 워프 및 워프 포인트 건설  안개지대 밖으로만 벗어나면 워프 가능하기에 이동이 편하고 용이했음 화염제단은 돌 개라는 저렴한 재료니 짓기도 쉽고 꼼수가 많음 점프샷하면 몹   멍청해져서 아무것도 못하게만들고 잡게할수있는등 꼼수가 다양함이건 호불호가 갈릴듯 디테일한 만듬새  은근 섬세하게 신경쓴 부분이 많음 요리재료가 전부 시각적으로 표현되어있다든지 특히 사운드에서 많이 느껴지는데 블록밟는소리가 건축소재마다 전부다름 단점   적은 몹 종류 및 단순한 패턴몹 종류가 극단적으로 적었고 패턴도 단순타격 한두가지 개성이 느껴지지 않았음 보스도 마찬가지제일 독창적인 몬스터가 자폭크리터이 게임의 탐험요소에서 최대 단점으로 느껴졌음 인벤토리초반엔 당연히 칸이 미어터지고 최후반 대형백팩으로 최대칸으로 늘려도 답답하게 부족함 이건 초대형백팩이 나온다 하더라도 똑같이 느껴질 부분이라 생각함소모품가방 화살가방 마법볼트가방 이런 슬롯을 따로 추가해주지 않는 이상 짜증날 예정 단조로운 퀘스트  상자찾기   시설개방   뿌리제거이거 세개가 이게임 퀘스트 전부임 애매한 스킬 설명 번역오류인진 몰라도 가끔 잘못되거나 이해안되는 스킬설명들이 상당수 존재함벌침은 활강 중에 화살을 쏠 수있는데 이게 글라이딩만 해당처럼 써있지만 점프나 더블점프중에도 해당되는 등암살자스킬쪽 폭발화살이 뭔지 애당초 설명되어 있지도 않는데 극후반 화약뚫어야 나오는 화살이기도 하는 등원거리 폭발물에 마나주입은 또 어떻게 발동하는지 원거리 폭발물이 수류탄만 해당되는지 등기습이 인간형한테만 발동된다는것도 서술 안되있음초록색 쪽에서만 이정도 이상있는데 다른 색깔스킬에서도 많겠지 부족한 자체 워프포인트 및 워프포인트 건설개수 제한 맵에 타워등 자체적으로 박혀있는 첨탑워프들이 총  개밖에 없음 그리고 이동자체는 자유롭지만 이와 상반되게 화염제단건설가능개수는 꽤나 제약되어있음집과 거점갯수를 제한하려는 의도는 알겠지만 그럴려면 워프포인트만으로서 기능하는 건물을 따로 분리해줬다면 좋았을듯 멀티 퀘스트 진척도 공유방식병신같음멀티하면서 상자찾는퀘하는데 상자 안에 내용물을 누가 먼저가져가면 나머지 사람들 서버 리셋해서 다시 챙기기전엔 상자퀘못깸그래서 내용물 안건드리고 상자만 각자 어루만진다음 챙겨가야함템챙겨가야하는템도 마찬가지로 템먹은사람만 퀘깨져서 서로 득템 품앗이해야함빨간뿌리도 다같이 달라붙어서 부숴야 스킬포인트 들어옴이런 디테일한 미완성이 멀티몰입감을 떨어뜨림총평발헤임과 가깝다는 평가가 많은데저는 거기에 더해 아웃워드 라는 오픈월드생존    게임을편의성좋게 합쳤다는 인상을 받았음탐험과 건축 좋아하면 소프트한 발헤임으로서 이게임을 강력 추천함전투나 풍부한 컨텐츠 이런거 생각하고 왔다면 비추함",2024-01-31,2024-01-31,True,21,0,0.736244797706604004,0,True,False,True
157709552,76561198359475531,0,1,8771,0,5464,2024-02-17,koreana,"게임 플레이중 튕기더니 업데이트 되고는 게임 접속이 안됩니다",2024-02-06,2024-02-06,True,21,1,0.735259711742401123,0,True,False,True
156707897,76561198028693091,0,59,2514,0,47,2024-03-27,koreana,"게임은 재미는 있다 편의성이 상당히 좋음 개발자들이 생존게임 많이 해본거같음  기본베이스는 잘만든거 같아서 업데이트만 되고 부족한 컨텐츠 채우면 갓겜 반열 무리없다고 봄팰월드 때문에   눈물난다",2024-01-25,2024-01-25,True,37,1,0.73301231861114502,0,True,False,True
157850523,76561197995627832,258,43,5797,0,3093,2024-03-27,koreana,"다 알려주거나 공략을 보고 하는 분들께는 추천안하고정말로 모험하는 느낌으로 하면 정말 재밋게 할수 있습니다함께하는것도 좋지만 혼자서 스킬포인트도 계속 갈아 엎으면서이것저것 다 해보면서 하면 정말 만족스럽게 하실수 있을겁니다게임이 좀 덜 부드럽다 생각이 되시면 엔비디아나     설정에서인슈라오디드 프레임 제한을      로 해두시고 설정   접근성 설정을 끄기 켜기 끄기 켜기 정도 해주시면 될겁니다중요 항목은 두번째에 동적 카메라 움직임 줄이기 입니다 이건꼭 켜기로 하셔야됩니다팁이나 공략을 보는것 보다 모르는 상태로천천히 재료도 구하러 다니고 몹 잡아서 재료도 구하고 여행하듯게임을 한다면 아주 만족스러운 게임이 되실겁니다",2024-02-08,2024-02-08,True,22,2,0.72921442985534668,0,False,False,True
158269121,76561198175375069,0,23,2909,0,2904,2024-02-18,koreana,"시체 찾기는 이 게임의 메이저 콘텐츠",2024-02-14,2024-02-14,True,19,2,0.716398656368255615,0,True,False,True
156767772,76561198798617888,425,27,23,0,23,2024-01-25,koreana,"발헤임 좋아하면 개추",2024-01-25,2024-01-25,True,21,0,0.6977958083152771,0,True,False,True
156784817,76561198118919058,0,10,7007,0,142,2024-03-31,koreana,"카사노박 잘생겼다",2024-01-25,2024-01-25,True,65,26,0.691458225250244141,0,True,False,True
156927692,76561198032984658,487,101,519,0,450,2024-01-28,koreana,"  퀘스트 중심의 끊김 없는 플레이  풍부한 로어와 텍스트  복셀기반의 합리적인 건축 시스템    어딘가에서 본 익숙한 시스템들  단조로운 전투  부족한 적 바리에이션  자유도가 부족한 스킬 트리와 성장    퀘스트를 진행하지 않으면 컨텐츠  편의기능이 해금되지 않아서 최우선으로 진행해야함  게임을 하면서 자유롭게 플레이한다는 느낌이 들지 않음",2024-01-27,2024-01-27,True,16,2,0.685227572917938232,0,True,False,True
158074063,76561198178089594,0,11,7943,0,7694,2024-02-18,koreana,"  세일할때 산다면 극추천   팰월드 덕분에 광고비를 아낀 운좋은게임   식당에서 음식  깨끗이 다 먹고난 후  아 맛없네 하는 듯한 느낌이 드는게임   내취향엔 맞지만 다른사람에겐 추천 못 할 게임 ",2024-02-11,2024-02-11,True,23,8,0.68509286642074585,0,True,False,True
158422708,76561198000222287,0,17,7493,0,4042,2024-03-30,koreana,"엘든링을 썩혀서 발헤임 섞은 맛이 강하다 근접트리로 만랩까지 찍으면서 진행해보았지만 전투와 성장에 단점이 너무 많이 보인다  근접무기들은 얼핏 보면 다른것 같지만 사실 스탯만 좀 다르고 모션도 다 똑같아서 뭘 쓰던간에 다 똑같다 결국 한손무기와 양손무기로 나뉘는데 문제는 이 게임은 다대일이 너무 많고양손무기는 속도에 비해 범위가 너무 좁고 느려터져서 안쓰게 된다 현재는 무기를 골라서 쓰는 재미가 전혀 없다 레벨업 열심히 해봐야 스킬트리 안에서 쓸만한 스킬은 몇 안된다 애초에 스킬 자체가 너무 적어서 선택할만한 것도 없는데 그중에서도 패리상향스킬  회피공격  앞잡은 정말 쓸모가 없다 어크 발할라마냥 매력없는 스킬트리 시스템이다 전투의 답답한 점은 한두가지가 아니다  락온을 해도 근접 공격에 호밍이 없어서 공중몹은 아예 때리지도 못하고 무조건 다른수단으로 처리해야하며  방어를 풀고 다시 방어할때의 이상하게 긴 딜레이를 쳐넣어서 다시 방어를 못하게 만들어놓아 전투의 흐름이 자꾸 뚝뚝 끊긴다  심지어 몇몇 보스 공격은 가드가 아예 안되기도 하고 되기도하고 너무 판정이 지멋대로다 보니 가드를 거의 안쓰게 된다 차라리 다크소울마냥 가드는 가능하지만 성능에 따라서 스테미너가 더 많이 깎이고 데미지는 크게 들어오는 시스템으로 갔어야 했다고 본다 발헤임처럼 보스전에서 패리가 되는것도 아니라서 패리로 공격기회를 잡는다는 재미도 없다  오직 회피  공격 하나로 모든것을 해결해야한다  드럽게 단조롭다 그럼 보스 자체가 다양한 패턴과 재미를 주기라도 하면 좋겠지만 딱히 그렇지도 않고 단순하다 애초에 등장하는 몹 종류도 얼마 안된다  특히 스캐빈저 보스는 말이 안나올수가 없는데 멀리서 정신나간 호밍 성능을 가진 독병 여러개를 짧은 간격으로 계속 던지기 때문에 근접하기 힘들고 오히려 근접할수록 위험한게 독병이 전부 개별판정으로 들어가서 체력이 얼마나 높던간에 거의 한방에 죽는다 얼리억세스니까 그러려니 하지만 테스트도 안해본건가 그리고 이 게임이 편의성이 높다고들 하지만 딱히 그렇지도 않다  애초에 발견지역으로 빠른이동하는 기능 자체가 한정되어있다보니  무조건 제단들고 설치하고 다녀야하며 제단이 없는 위치에서 설치나 건축이 불가능하기 때문에 제단으로 돌아가야 뭘 할 수가 있는 구조다  그런데 그 제단도 설치숫자가 제한되어있다  포탈 재료들고다니던 발헤임보다 제약이 더 심하다  탐험을 중점으로 만들었지만 정작 탐험하러 가는길마다 제단을 설치하지 않으면 동선이 길어저 시간낭비를 하고 제단 제한갯수 맞춰서 설치하고 지우고 새로 설치하느라 시간 잡아먹는다  적어도 주요 포인트 던전  마을 등 는 빠른이동이 되도록 바꿔야하는것 아닌가   탐험이 중점이라면서 오직 제단에서만 건설  건축이 가능하게 만드니 정말 불편하기짝이없다 다만 이 게임의 건축과 탐험 자체는 편의성을 제외한다면 나름 괜찮다  던전자체의 완성도나 탐험구역의 구조는 상당히 조밀하고 퀄리티 있다고 느껴진다  가끔은 너무 복잡해서 전체 구역을 파악하기 힘들기도 했을 정도고  건축은 여태 해본 게임들중에서 가장 퀄리티 있다고 느껴지는 수준이다  편의성과 전투 및 성장 시스템은 아직 개선해야할 부분이 많지만  탐험이나 기지건설이나 건축을 주로 즐기는 사람이라면 즐기기에 좋다고 본다 ",2024-02-16,2024-02-16,True,21,0,0.678319334983825684,0,True,False,True
157738220,76561199125568073,162,48,2352,0,2272,2024-02-12,koreana,"재미있음",2024-02-07,2024-02-07,True,12,1,0.673226237297058105,0,True,False,True
156737365,76561198078922116,0,12,3313,0,231,2024-02-06,koreana,"조금 더 해봐야 알겠지만 첫 인상은 왜 얼리엑세스로 출시했는지 이해가 안 될 정도로 완성도 높고 게임도 잘 만들었음게임 퀄리티에 비해서 가격이 진짜 너무 싼데 팰월드 때문에 어쩔 수 없이 낮춘 것 같음   초반에는 제작할 때 재료도 일일히 다 꺼내서 써야되고 옷이랑 건축도 다 그지 같이 생겼는데 진행하면서 테크 올리다보면 해결됨현재 게임 볼륨은 대충      시간 정도고  년 안에 정식 출시를 목표로 개발한다고 하니 정식출시 때까지 존버 했다가 사는 것도 괜찮을듯",2024-01-25,2024-01-29,True,14,0,0.66775667667388916,0,True,False,True
156751782,76561198380961015,298,25,4100,0,1336,2024-02-21,koreana,"  개인적인 의견 입니다    가격    정가로 사도 좋음         세일하면 살만함         세일하면 살만함         세일하면 살만함         세일하면 살만함  무료  시간 아까움  그래픽    환상적  좋음  평균  별로임  안본 눈 삽니다  사운드    환상적  좋음  평균  별로임  안들은 귀 삽니다  스토리    미쳤음  재미있음  평범함  별로임  전작을 안하면 이해하기 힘듦  스토리 없음  몰입도    시간 가는줄 모름  높음  평범함  낮음  몰입할수가 없음  난이도    고인물 맞춤  어려움  적당함  쉬움  조절가능  플레이타임    무한     시간 이상    시간 이상    시간 이상    시간 이상   시간 이상     시간  버그    전혀 없음  거슬리지 않음  약간 거슬림  너무 많음  플레이 불가 수준  게임성    완벽에 가까움  굉장히 재미있음  재미있음  적당했음  별로임  게임이라 할수가 없음  다회차 플레이 가능성    높음  취향에 맞다면  낮음  사양    초고사양 컴  고사양 컴  적당한 컴  저사양 컴  총평                 플레이하면서 이게 된다고  이것도 된다고   하며 놀람의 연속이였습니다    게임이 엄청 방대하고  시간을 녹여버리는 엄청난 재미를 선사합니다 ",2024-01-25,2024-01-25,True,33,1,0.66698688268661499,0,False,False,True
156711139,76561198000514774,0,300,2469,0,29,2024-04-07,koreana,"한글로 치면 나오는 갓 겜  인슈라오디드 ",2024-01-25,2024-01-25,True,19,1,0.663259804248809814,0,True,False,True
157568880,76561198034323849,113,1,11286,555,4939,2024-05-03,koreana,"개인적으로 업데이트가 필요하다고 생각되는 부분      현재는 한글번역이 번역기보다 조금 나은 수준임  게임자체를 플레이하는데는 큰 문제가 없으나게임의 세계관을 이해하고  스토리를 이해하고  그 일원이 되어 몰입하는 데는 다소 어려움이 있음       의 확장 현재 존재하는    는 대장장이  연금술사  목수  사냥꾼  농부 등  명으로 그냥 평범한 인간은 아니고  연금술사 발타자르에 의해 주인공처럼  화염의 아이 로 연성   되어 살아남은 사람들인데 내가 이 세계관을 잘못 이해하고 있는지는 모르겠지만  이 세상에  화염의 아이 가 아닌 모든 인간들은 전부 죽은 것인지편지나 문서등으로 있었던 흔적은 있으나  현재는 아무도 만날 수가 없다 생존자들이 살고 있는 마을이나 움막형태라도 있든지 아니면 그것이 세계관에 맞지 않다면 아주 소수로라도 어떻게 살아남아 방랑하는    들을 조금 만들어서내가 건설하는 마을이나 성으로 부를 수 있는 옵션 등이 있었으면 함  하다못해 룩딸용이라도 기껏 오랜시간 공들여  서사적인 웅장한 건축물  또는 폐허가 된 마을을 복원하더라도생동감있게 살아 움직이는    들이 없으니 허전하고 허무함 더불여 현재 있는    들의 무빙액션도 조금 더 풍성하게 만들어져야 할 것 같음 지금은 그냥 서서 손흔드는 것 말고는 아무것도 안하는데 퀘스트로 만들어주는 작업장 등이 근처에 있으면 상호작용하는 식의 애니매이션이 있으면 좋겠음     건축 재료는 많은데  공간을 생활감있게 꾸며줄  가구 나  소품 이 턱없이 부족함 기껏 건물을 만들어도 알차게 구성할 것들이 너무 없음 필드에서 보이는 이미 모델링이 되어 있는  가구나 물건들이라도 제작 가능하도록 업데이트가 되면 좋겠음  그리고 각종 재료들을 보면  루팅하기 전에는 책상에 올라가 있는 등눈으로 볼 수 있는데  한 번 내 인벤토리에 들어오면 다시 내려놓는 것이 불가능함 이것도 마찬가지로 꾸미기에 사용될 수 있도록 허용되었으면 좋겠음    지도 마커 관련커스텀 마커 종류 디자인 을 늘리거나  아니면 텍스트를 직접 입력할 수 있도롣 업데이트가 되면 좋겠음 생각보다 지도에 표기되지 않은 공간들이 많은데  커스텀 마크의 디자인이 제한적이라 구분하기가 너무 어려움 일단 이 부분들이 업데이트가 되기만 한다면개인적인 갓겜 반열에 들 수 있을 것 같음 이 외에 전투  적    몬스터 종류부족 등은 이미 많이들 언급했기에 넘어감 ",2024-02-04,2024-02-04,True,11,0,0.641044259071350098,0,True,False,True
157985731,76561198004449696,0,21,1868,0,672,2024-02-18,koreana,"낙하 데미지 배율 감소해주세요사다리오를때 스테미너 소모율 감소해주세요글라이딩 착지할때 자동으로 구르는거 삭제해주세요맵 마커 이름변경해서 등록할수 있게 해주세요다양한 몬스터 추가해주세요 ",2024-02-10,2024-02-16,True,24,1,0.640737354755401611,0,True,False,True
157408460,76561198125251941,95,7,4109,0,833,2024-03-27,koreana,"코난엑자일  천 시간 뉴비가 해보니발헤임이나 코난엑자일 보다는스카이림에서 모험 하던 기분이 나더이다 집짓고 크래프팅 하는 스카이림 앞으로 나올 모드들도 기대됨 ",2024-02-02,2024-02-02,True,13,0,0.628882825374603271,0,True,False,True
156758851,76561198041820829,34,6,999,0,387,2024-01-27,koreana,"재밋어기지안에서 수납공간에 넣어둔 아이템도인벤토리에 보유 중인 것으로 편의성 취급 해줘서제작이나 이런거 할때 인벤토리로 옮기는 것을 안한다면  완벽하다 제작자 보고있나 ",2024-01-25,2024-01-25,True,17,0,0.621743261814117432,1,True,False,True
158880444,76561198005628040,360,98,1587,0,1587,2024-02-20,koreana," 미래 가 기대되는 얼엑 게임입니다 그런데   박으면 어떻게 하지 장점   탐험하는 재미가 있다    복셀 기반 건축 시스템이지만 최소 블럭 크기가 매우 작아서 세부적으로 건축할 수 있다 단점   얼엑이라 컨텐츠가 별로 없음지금 기준으로 가장 재미있는 컨텐츠가 탐험인데 더 복잡한 지형이나 건물 또는 퍼즐이 나왔으면 좋겠다    지역마다 보스가 있기는 하지만 대부분 복붙  특이한 보스가 얼마 없다 그나마 있는 개별적인 보스들도 생김새만 다르지 패턴은 거의 비슷하다    전투가 개판이다  방어도 안하고 미친듯이 공격하는 적들이 있는데 기절 시스템은 왜 있는지 모르겠다 심지어 이 새끼들은 경직도 없어서 미친듯이 몰아치는 공격을 하는데 이걸 어떻게 잡으라는건지 모르겠다 패링을 하면 잡을 수 있겠지만 니들이 패링 해보던가거기에 잡몹으로 나오는 벌레들이 너무 강해서 이놈들이 보스를 죽이는 광경까지 봤다 ",2024-02-21,2024-02-21,True,8,2,0.620028316974639893,0,True,False,True
157567808,76561198839268567,0,10,2866,0,1896,2024-02-09,koreana,"인슈라오디드  주   시간 한 후기 요약   재밌음  정가주고 재미는 보장됨   근데 진입장벽이 좀 있다  공략 안보면 해매다가 시간 날릴 수 있음 그리고 동시기에 발매된 팰월드랑 비교하는 사람들이 많은데  두 게임은 건축이 가능하다는 점 말곤 아예 다른 게임임  비교가 아니라 취향의 영역임  참고로 팰월드  주   시간 함 팰월드는 포획한 팰들이 제대로 일하고 있나  감시하는 경영 시뮬레이션에 가깝고  이 게임은 좀 더  알피지의 느낌이 있음 두 게임다 재밌으나  기지 건설이 가능하다는 점 빼고는 게임성이 전혀 다르므로 리뷰 자세히 보고 구매하도록  특히 마크랑 팰월드 해보고 생존크래프트 장르 하나로 살 사람들 한번만 더 고민해보셈 ",2024-02-04,2024-02-04,True,9,1,0.618631958961486816,0,True,False,True
157481292,76561198003871830,79,16,10836,55,2837,2024-04-29,koreana,"게임불감증이 뭐고    이 게임 진짜 미쳤다 지금 잠을 못 잔다",2024-02-03,2024-02-03,True,8,2,0.61223524808883667,0,True,False,True
156779500,76561198016237228,0,5,3994,0,382,2024-03-01,koreana,"합격",2024-01-25,2024-01-25,True,6,1,0.606782078742980957,0,True,False,True
157049670,76561198047278792,145,54,3343,0,959,2024-04-18,koreana," 꽉 찬 대머리 전투 건축 탐험 다 재밌고길이 없으면 곡괭이 하나로 개척하는 신선함이 있는데넓은맵에 비해 비어있는 부분이 너무 많아서 아쉬웠다엘든링같은 꽉 찬 오픈월드를 생각했다면 비추크래프팅 요소가 들어간것 치고는노가다 요소가 심한편도 아니고천천히 잔잔하게 즐길 수 있는 게임이니너무 급하게는 하지말자",2024-01-29,2024-01-29,True,10,0,0.604473352432250977,0,True,False,True
158344761,76561198053110317,0,9,8568,0,7833,2024-03-06,koreana,"혼자 하는것도 정말 재밌었지만 멀티가 진짜 재밌습니다엘든링같다는 얘기도 있는데 느낌만 비슷한것같고건축 제작 생산이 진짜 강점인 게임",2024-02-15,2024-02-15,True,6,0,0.594594597816467285,0,True,False,True
160898059,76561198012915678,0,63,683,0,683,2024-02-23,koreana,"진짜 딱 중간인 게임 그이상 그이하 도아님",2024-03-19,2024-03-19,True,4,0,0.586206912994384766,0,True,False,True
158322722,76561198285698512,55,14,1576,0,589,2024-04-04,koreana,"제작 아이템 분해 만들어주세요미니맵 만들어 주세요모든 모닥불 요리 가능하게 해 주세요자원캘 때 소비되는 스태미너 양 줄여주세요한국어 패치 개선해주세요",2024-02-15,2024-02-15,True,5,0,0.583333313465118408,0,True,False,True
158517675,76561198056293430,0,1,224,0,218,2024-03-27,koreana,"아이템 버리기좀 만들어주세여 템도 못버리는게 어딨어",2024-02-17,2024-02-17,True,6,0,0.575438618659973145,0,False,False,True
156827843,76561198008488002,13,5,5253,0,134,2024-03-09,koreana,"지형지물 마음대로 바꾸면서 울부짖었다   ",2024-01-26,2024-01-26,True,6,0,0.575055420398712158,0,True,False,True
156837247,76561198152903870,522,20,2267,0,357,2024-02-06,koreana,"한글화 너무 감사합니다 이 게임 제  의 코난엑자일  업그레이드 버전 발헤임 인거 같습니다 아직 얼리엑세스 이지만  정식 출시하면 엄청날거 같습니다 전투는 정말 재밌고  모험하는 맛이 너무 좋아요                                                                                                                                                                                                                                                ",2024-01-26,2024-01-26,True,7,0,0.56887894868850708,0,True,False,True
156738691,76561198058609759,0,3,3511,0,294,2024-04-10,koreana,"발헤임 업그레이드 버젼",2024-01-25,2024-01-25,True,5,0,0.56416618824005127,0,True,False,True
157631296,76561198000329856,222,8,4225,0,1876,2024-02-21,koreana,"게임자체는 매우 재미있습니다다만 멀티플레이 시 퀘스트 진행도가 공유되지 않는 점 바로 옆에 같이 있는데도 박스 연 사람만 진행된다던지 어둠의 장막 뿌리 부수러 와서 보스전 하고있는 사이 다른사람이 뿌리 부수면 그 사람만 스킬 포인트를 먹는다던지 하는 부분은 개선되면 더 좋을 것 같습니다 ",2024-02-05,2024-02-05,True,3,0,0.563644826412200928,0,True,False,True
161411833,76561198078587524,230,3,8890,0,8881,2024-04-07,koreana,"야야   가서 빨리 재료 구해와빨리 부족하다고       ",2024-03-25,2024-03-25,True,3,0,0.56204378604888916,0,True,False,True
156924933,76561198120054852,50,14,250,0,147,2024-01-29,koreana,"아직 얼리단계라 최적화는 많이 안되어있는 것 같지만 점점 다듬어가면 갓겜 띵작될듯생존 파밍 전투 좋아하시면 무조건 강추    친구 없어도    랑 같이있어서 외롭지 않음",2024-01-27,2024-01-27,True,4,0,0.556962013244628906,0,True,False,True
157341753,76561198442280831,0,1,5365,106,2163,2024-04-20,koreana," 얼리엑세스 감안 아쉬운점     바다가 없다  배  물속컨텐츠 낚시                                               날씨 변화가 없다                                              몬스터  돌려막기 패턴의 다양화가 아쉽다                                               거주지에 몬스터 웨이브가 없다  집이 너무 안전함                                                동물의 가축화 및 탈것이 없다                                                동물의 다양화나머지는 다좋음",2024-02-02,2024-02-02,True,7,0,0.556137979030609131,0,False,False,True
160173336,76561199309742576,0,2,2646,2,2497,2024-04-23,koreana,"건설  티어 그게끝이다  ",2024-03-09,2024-03-09,True,3,0,0.556042373180389404,0,True,False,True
156967700,76561198068726854,0,3,987,0,690,2024-01-30,koreana,"친구들이랑 같이해야 더 재밌는 게임",2024-01-28,2024-01-28,True,4,0,0.552585721015930176,0,True,False,True
162344154,76561198213190604,90,50,1930,0,1930,2024-03-24,koreana,"  그래픽         나름 이쁜 그래픽 최적화가 없어서 프레임 방어하기가 힘듬 그외에 엄청 좋은편  사운드       아주 만족 깔게 없음  스토리       스토리라고 하기에는 너무 퀘스트가 난잡함 멀티를 할시 개인 퀘스트가 있고 메인퀘스트 서브퀘스트는 통합인데 한명이 클리어 할시 같이 클리어가 됨   가격         가격이 아깝지 않은 정도  오늘의 리뷰  노가다 성이 있지만 빡세게만 하지 않으면 소소하게 플레이 할수 있을 정도임 맵이 한정 되어있지만 추후 업데이트 기대해볼만 함  다른 맵이    로 나온다면 구매해서 사고 싶을 정도로 인 게임 컨텐츠가 알참  직업 밸런스가 이상함  친구들이랑 같이 플레이 해보는것을 추천 돈이 아깝지 않음   총점         ",2024-04-07,2024-04-07,True,2,1,0.547325074672698975,0,True,False,True
157101209,76561198812537759,0,21,3952,0,2339,2024-03-29,koreana,"찍먹 해보려다 푹먹중인 게임      파밍 무치게 잼나네기본적으로 모든 컨텐츠가 하우징으로 귀결됨새로나온 던전  개중에서 두개돌다가 너무나 딥다크한 맛에 맨탈이 바사삭 해버렸다뉴비들은 반드시 마법사 할배나 친구 손 꼬옥 잡고 다니길",2024-01-29,2024-03-28,True,3,0,0.546741247177124023,0,True,False,True
161701318,76561198027928266,76,3,1782,0,1782,2024-03-08,koreana,"건축이 주류인것 만큼 환경 업데이트도 기대해 봅니다   비가 내리면 정말 좋을거 같아요 ",2024-03-29,2024-03-29,True,2,0,0.545454561710357666,0,True,False,True
160975892,76561198037278442,0,1,3210,0,2114,2024-03-28,koreana,"멥이 조온나 크다",2024-03-20,2024-03-20,True,2,0,0.545454561710357666,0,True,False,True
158529309,76561198315616213,0,29,8689,0,7791,2024-04-17,koreana,"그래서 다음지역은 언제열리냐고                                                                                                ",2024-02-17,2024-02-17,True,3,0,0.545454561710357666,0,True,False,True
157969275,76561198072199337,0,22,17830,0,9947,2024-03-04,koreana,"굿",2024-02-10,2024-02-10,True,3,0,0.541666686534881592,0,True,False,True
160457378,76561199020060552,0,4,6819,0,6819,2024-03-12,koreana,"캐주얼하게 잘 만든듯  하다보면 모든 업적이 자연스레 다 완성되어 버리는건 좀 아쉬움 다 플레이 하고나서 마저 할게 더 없나  찾아보는 재미가 있음 좋았을텐데   소모품들이 딱히 필요성이 느껴지진 않았어서 노가다도 덜 했던듯 ",2024-03-14,2024-03-14,True,2,1,0.541425824165344238,0,True,False,True
